2020-01-20 11:02:51,1.080e+01,1579518171.7788796
2020-01-20 11:03:01,1.080e+01,1579518181.8313441
2020-01-20 11:03:11,1.080e+01,1579518191.8893812
2020-01-20 11:03:21,1.080e+01,1579518201.9460626
2020-01-20 11:03:32,1.080e+01,1579518212.0049882
2020-01-20 11:03:42,1.080e+01,1579518222.063734
2020-01-20 11:03:52,1.080e+01,1579518232.120766
2020-01-20 11:04:02,3.150e+00,1579518242.180749
2020-01-20 11:04:12,1.560e+02,1579518252.2329814
2020-01-20 11:04:22,1.440e+02,1579518262.2899556
2020-01-20 11:04:32,1.340e+02,1579518272.3470159
2020-01-20 11:04:42,1.230e+02,1579518282.4011912
2020-01-20 11:04:52,1.160e+02,1579518292.462498
2020-01-20 11:05:02,1.090e+02,1579518302.526761
2020-01-20 11:05:12,1.020e+02,1579518312.587708
2020-01-20 11:05:22,9.550e+01,1579518322.6465678
2020-01-20 11:05:32,8.960e+01,1579518332.7011812
2020-01-20 11:05:42,8.390e+01,1579518342.7679152
2020-01-20 11:05:52,7.850e+01,1579518352.826671
2020-01-20 11:06:02,7.360e+01,1579518362.8867927
2020-01-20 11:06:12,6.880e+01,1579518372.9481847
2020-01-20 11:06:23,6.440e+01,1579518383.0081034
2020-01-20 11:06:33,6.030e+01,1579518393.0671961
2020-01-20 11:06:43,5.650e+01,1579518403.1273446
2020-01-20 11:06:53,5.290e+01,1579518413.1827621
2020-01-20 11:07:03,4.950e+01,1579518423.2474918
2020-01-20 11:07:13,4.640e+01,1579518433.3026161
2020-01-20 11:07:23,4.350e+01,1579518443.357244
2020-01-20 11:07:33,4.080e+01,1579518453.413655
2020-01-20 11:07:43,3.820e+01,1579518463.4713502
2020-01-20 11:07:53,3.580e+01,1579518473.530268
2020-01-20 11:08:03,3.360e+01,1579518483.5913684
2020-01-20 11:08:13,3.150e+01,1579518493.65173
2020-01-20 11:08:23,2.960e+01,1579518503.7038362
2020-01-20 11:08:33,2.780e+01,1579518513.7711852
2020-01-20 11:08:43,2.610e+01,1579518523.8314154
2020-01-20 11:08:53,2.460e+01,1579518533.8901408
2020-01-20 11:09:03,2.310e+01,1579518543.9511855
2020-01-20 11:09:14,2.180e+01,1579518554.0121229
2020-01-20 11:09:24,2.050e+01,1579518564.0611877
2020-01-20 11:09:34,1.930e+01,1579518574.13118
2020-01-20 11:09:44,1.820e+01,1579518584.1912384
2020-01-20 11:09:54,1.710e+01,1579518594.2510123
2020-01-20 11:10:04,1.620e+01,1579518604.3119044
2020-01-20 11:10:14,1.530e+01,1579518614.3715463
2020-01-20 11:10:24,1.440e+01,1579518624.4307117
2020-01-20 11:10:34,1.370e+01,1579518634.4916475
2020-01-20 11:10:44,1.250e+01,1579518644.551663
2020-01-20 11:10:54,1.200e+01,1579518654.6110713
2020-01-20 11:11:04,1.140e+01,1579518664.6613011
2020-01-20 11:11:14,1.090e+01,1579518674.7274837
2020-01-20 11:11:24,1.040e+01,1579518684.7812803
2020-01-20 11:11:34,9.940e+00,1579518694.8370373
2020-01-20 11:11:44,9.490e+00,1579518704.8948328
2020-01-20 11:11:54,9.080e+00,1579518714.9546201
2020-01-20 11:12:05,8.680e+00,1579518725.0112133
2020-01-20 11:12:15,8.300e+00,1579518735.0708163
2020-01-20 11:12:25,7.950e+00,1579518745.124925
2020-01-20 11:12:35,7.610e+00,1579518755.1809072
2020-01-20 11:12:45,7.290e+00,1579518765.2381127
2020-01-20 11:12:55,6.980e+00,1579518775.2974992
2020-01-20 11:13:05,6.690e+00,1579518785.3512065
2020-01-20 11:13:15,6.420e+00,1579518795.4106433
2020-01-20 11:13:25,6.150e+00,1579518805.467209
2020-01-20 11:13:35,5.900e+00,1579518815.5233364
2020-01-20 11:13:45,5.670e+00,1579518825.580767
2020-01-20 11:13:55,5.440e+00,1579518835.631185
2020-01-20 11:14:05,5.230e+00,1579518845.700027
2020-01-20 11:14:15,5.030e+00,1579518855.7574837
2020-01-20 11:14:25,4.840e+00,1579518865.817143
2020-01-20 11:14:35,4.660e+00,1579518875.869663
2020-01-20 11:14:45,4.490e+00,1579518885.921213
2020-01-20 11:14:55,4.320e+00,1579518895.9830844
2020-01-20 11:15:06,4.170e+00,1579518906.0432029
2020-01-20 11:15:16,4.020e+00,1579518916.1042976
2020-01-20 11:15:26,3.880e+00,1579518926.1633716
2020-01-20 11:15:36,3.750e+00,1579518936.2243671
2020-01-20 11:15:46,3.620e+00,1579518946.280822
2020-01-20 11:15:56,3.500e+00,1579518956.3409975
2020-01-20 11:16:06,3.380e+00,1579518966.3913016
2020-01-20 11:16:16,3.270e+00,1579518976.4508758
2020-01-20 11:16:26,3.170e+00,1579518986.5012157
2020-01-20 11:16:36,3.070e+00,1579518996.5612872
2020-01-20 11:16:46,2.980e+00,1579519006.6266086
2020-01-20 11:16:56,2.880e+00,1579519016.6874442
2020-01-20 11:17:06,2.790e+00,1579519026.7478297
2020-01-20 11:17:16,2.710e+00,1579519036.809002
2020-01-20 11:17:26,2.630e+00,1579519046.8673816
2020-01-20 11:17:36,2.550e+00,1579519056.9286592
2020-01-20 11:17:46,2.480e+00,1579519066.9874547
2020-01-20 11:17:57,2.410e+00,1579519077.0474944
2020-01-20 11:18:07,2.350e+00,1579519087.1086788
2020-01-20 11:18:17,2.280e+00,1579519097.1686537
2020-01-20 11:18:27,2.220e+00,1579519107.227294
2020-01-20 11:18:37,2.160e+00,1579519117.2812746
2020-01-20 11:18:47,2.100e+00,1579519127.3495896
2020-01-20 11:18:57,2.050e+00,1579519137.406944
2020-01-20 11:19:07,2.000e+00,1579519147.468231
2020-01-20 11:19:17,1.950e+00,1579519157.5291278
2020-01-20 11:19:27,1.900e+00,1579519167.5876164
2020-01-20 11:19:37,1.850e+00,1579519177.6484425
2020-01-20 11:19:47,1.810e+00,1579519187.7092726
2020-01-20 11:19:57,1.770e+00,1579519197.7675226
2020-01-20 11:20:07,1.730e+00,1579519207.821243
2020-01-20 11:20:17,1.690e+00,1579519217.8847997
2020-01-20 11:20:27,1.650e+00,1579519227.943781
2020-01-20 11:20:37,1.610e+00,1579519237.9984965
2020-01-20 11:20:48,1.570e+00,1579519248.0548334
2020-01-20 11:20:58,1.540e+00,1579519258.1128893
2020-01-20 11:21:08,1.510e+00,1579519268.1712086
2020-01-20 11:21:18,1.480e+00,1579519278.226787
2020-01-20 11:21:28,1.450e+00,1579519288.2882106
2020-01-20 11:21:38,1.420e+00,1579519298.3408349
2020-01-20 11:21:48,1.390e+00,1579519308.3968704
2020-01-20 11:21:58,1.360e+00,1579519318.452902
2020-01-20 11:22:08,1.330e+00,1579519328.5147586
2020-01-20 11:22:18,1.290e+00,1579519338.5729573
2020-01-20 11:22:28,1.270e+00,1579519348.621193
2020-01-20 11:22:38,1.240e+00,1579519358.6904988
2020-01-20 11:22:48,1.220e+00,1579519368.7428203
2020-01-20 11:22:58,1.200e+00,1579519378.8001907
2020-01-20 11:23:08,1.180e+00,1579519388.856353
2020-01-20 11:23:18,1.160e+00,1579519398.9174473
2020-01-20 11:23:28,1.140e+00,1579519408.9783938
2020-01-20 11:23:39,1.120e+00,1579519419.0312011
2020-01-20 11:23:49,1.100e+00,1579519429.0972393
2020-01-20 11:23:59,1.080e+00,1579519439.158317
2020-01-20 11:24:09,1.060e+00,1579519449.2158113
2020-01-20 11:24:19,1.050e+00,1579519459.271191
2020-01-20 11:24:29,1.030e+00,1579519469.3312924
2020-01-20 11:24:39,1.010e+00,1579519479.3961005
2020-01-20 11:24:49,9.950e-01,1579519489.4574976
2020-01-20 11:24:59,9.790e-01,1579519499.518391
2020-01-20 11:25:09,9.630e-01,1579519509.5759084
2020-01-20 11:25:19,9.480e-01,1579519519.631183
2020-01-20 11:25:29,9.340e-01,1579519529.6983595
2020-01-20 11:25:39,9.180e-01,1579519539.7582564
2020-01-20 11:25:49,9.050e-01,1579519549.8167706
2020-01-20 11:25:59,8.900e-01,1579519559.8741896
2020-01-20 11:26:09,8.780e-01,1579519569.9311943
2020-01-20 11:26:19,8.670e-01,1579519579.986751
2020-01-20 11:26:30,8.560e-01,1579519590.0443919
2020-01-20 11:26:40,8.420e-01,1579519600.100512
2020-01-20 11:26:50,8.320e-01,1579519610.1616895
2020-01-20 11:27:00,8.210e-01,1579519620.221173
2020-01-20 11:27:10,8.100e-01,1579519630.27119
2020-01-20 11:27:20,8.000e-01,1579519640.3388767
2020-01-20 11:27:30,7.900e-01,1579519650.3974211
2020-01-20 11:27:40,7.800e-01,1579519660.4523177
2020-01-20 11:27:50,7.700e-01,1579519670.5012126
2020-01-20 11:28:00,7.600e-01,1579519680.566738
2020-01-20 11:28:10,7.510e-01,1579519690.6243553
2020-01-20 11:28:20,7.420e-01,1579519700.6841033
2020-01-20 11:28:30,7.330e-01,1579519710.7405133
2020-01-20 11:28:40,7.250e-01,1579519720.7912366
2020-01-20 11:28:50,7.150e-01,1579519730.8537927
2020-01-20 11:29:00,7.080e-01,1579519740.90119
2020-01-20 11:29:10,7.000e-01,1579519750.951176
2020-01-20 11:29:21,6.910e-01,1579519761.0100112
2020-01-20 11:29:31,6.840e-01,1579519771.0613751
2020-01-20 11:29:41,6.760e-01,1579519781.127328
2020-01-20 11:29:51,6.690e-01,1579519791.1799042
2020-01-20 11:30:01,6.610e-01,1579519801.2312555
2020-01-20 11:30:11,6.540e-01,1579519811.2933884
2020-01-20 11:30:21,6.470e-01,1579519821.3511693
2020-01-20 11:30:31,6.390e-01,1579519831.412179
2020-01-20 11:30:41,6.330e-01,1579519841.4708967
2020-01-20 11:30:51,6.270e-01,1579519851.521207
2020-01-20 11:31:01,6.200e-01,1579519861.581881
2020-01-20 11:31:11,6.130e-01,1579519871.6313865
2020-01-20 11:31:21,6.070e-01,1579519881.6803472
2020-01-20 11:31:31,6.010e-01,1579519891.740288
2020-01-20 11:31:41,5.950e-01,1579519901.8011794
2020-01-20 11:31:51,5.890e-01,1579519911.8598802
2020-01-20 11:32:01,5.840e-01,1579519921.9198816
2020-01-20 11:32:11,5.780e-01,1579519931.9814324
2020-01-20 11:32:22,5.720e-01,1579519942.0402305
2020-01-20 11:32:32,5.670e-01,1579519952.1011066
2020-01-20 11:32:42,5.610e-01,1579519962.1612363
2020-01-20 11:32:52,5.560e-01,1579519972.2194908
2020-01-20 11:33:02,5.500e-01,1579519982.2813063
2020-01-20 11:33:12,5.460e-01,1579519992.3407815
2020-01-20 11:33:22,5.410e-01,1579520002.399654
2020-01-20 11:33:32,5.350e-01,1579520012.4607992
2020-01-20 11:33:42,5.310e-01,1579520022.5207076
2020-01-20 11:33:52,5.260e-01,1579520032.5796146
2020-01-20 11:34:02,5.210e-01,1579520042.640936
2020-01-20 11:34:12,5.170e-01,1579520052.701323
2020-01-20 11:34:22,5.120e-01,1579520062.7512264
2020-01-20 11:34:32,5.080e-01,1579520072.8112283
2020-01-20 11:34:42,5.030e-01,1579520082.8816597
2020-01-20 11:34:52,4.990e-01,1579520092.9311705
2020-01-20 11:35:03,4.950e-01,1579520103.000306
2020-01-20 11:35:13,4.910e-01,1579520113.0615706
2020-01-20 11:35:23,4.870e-01,1579520123.1201963
2020-01-20 11:35:33,4.830e-01,1579520133.1812408
2020-01-20 11:35:43,4.780e-01,1579520143.241167
2020-01-20 11:35:53,4.750e-01,1579520153.2999992
2020-01-20 11:36:03,4.710e-01,1579520163.361033
2020-01-20 11:36:13,4.670e-01,1579520173.4209244
2020-01-20 11:36:23,4.630e-01,1579520183.4803042
2020-01-20 11:36:33,4.600e-01,1579520193.5311604
2020-01-20 11:36:43,4.560e-01,1579520203.5975904
2020-01-20 11:36:53,4.530e-01,1579520213.6564324
2020-01-20 11:37:03,4.490e-01,1579520223.7102952
2020-01-20 11:37:13,4.460e-01,1579520233.7673333
2020-01-20 11:37:23,4.420e-01,1579520243.821219
2020-01-20 11:37:33,4.390e-01,1579520253.8831456
2020-01-20 11:37:43,4.360e-01,1579520263.9397888
2020-01-20 11:37:53,4.330e-01,1579520273.996314
2020-01-20 11:38:04,4.290e-01,1579520284.052663
2020-01-20 11:38:14,4.260e-01,1579520294.1012852
2020-01-20 11:38:24,4.230e-01,1579520304.149964
2020-01-20 11:38:34,4.200e-01,1579520314.2111452
2020-01-20 11:38:44,4.170e-01,1579520324.261169
2020-01-20 11:38:54,4.140e-01,1579520334.3298314
2020-01-20 11:39:04,4.110e-01,1579520344.3914108
2020-01-20 11:39:14,4.080e-01,1579520354.4506
2020-01-20 11:39:24,4.050e-01,1579520364.5164247
2020-01-20 11:39:34,4.030e-01,1579520374.5736752
2020-01-20 11:39:44,4.000e-01,1579520384.6296065
2020-01-20 11:39:54,3.970e-01,1579520394.690708
2020-01-20 11:40:04,3.950e-01,1579520404.7507997
2020-01-20 11:40:14,3.920e-01,1579520414.8092043
2020-01-20 11:40:24,3.900e-01,1579520424.8700314
2020-01-20 11:40:34,3.870e-01,1579520434.9314504
2020-01-20 11:40:44,3.850e-01,1579520444.9813986
2020-01-20 11:40:55,3.820e-01,1579520455.0499372
2020-01-20 11:41:05,3.800e-01,1579520465.1110995
2020-01-20 11:41:15,3.770e-01,1579520475.169707
2020-01-20 11:41:25,3.740e-01,1579520485.231078
2020-01-20 11:41:35,3.720e-01,1579520495.281598
2020-01-20 11:41:45,3.700e-01,1579520505.3496208
2020-01-20 11:41:55,3.680e-01,1579520515.4107492
2020-01-20 11:42:05,3.650e-01,1579520525.4711592
2020-01-20 11:42:15,3.630e-01,1579520535.5298233
2020-01-20 11:42:25,3.610e-01,1579520545.5814025
2020-01-20 11:42:35,3.590e-01,1579520555.650875
2020-01-20 11:42:45,3.570e-01,1579520565.7012792
2020-01-20 11:42:55,3.550e-01,1579520575.7673638
2020-01-20 11:43:05,3.530e-01,1579520585.827187
2020-01-20 11:43:15,3.500e-01,1579520595.8796277
2020-01-20 11:43:25,3.480e-01,1579520605.9371116
2020-01-20 11:43:35,3.460e-01,1579520615.9937575
2020-01-20 11:43:46,3.440e-01,1579520626.054701
2020-01-20 11:43:56,3.420e-01,1579520636.1148665
2020-01-20 11:44:06,3.400e-01,1579520646.171507
2020-01-20 11:44:16,3.390e-01,1579520656.2336981
2020-01-20 11:44:26,3.370e-01,1579520666.2950478
2020-01-20 11:44:36,3.350e-01,1579520676.3537817
2020-01-20 11:44:46,3.330e-01,1579520686.4139166
2020-01-20 11:44:56,3.310e-01,1579520696.471355
2020-01-20 11:45:06,3.290e-01,1579520706.5347986
2020-01-20 11:45:16,3.280e-01,1579520716.5948534
2020-01-20 11:45:26,3.260e-01,1579520726.6520042
2020-01-20 11:45:36,3.240e-01,1579520736.710326
2020-01-20 11:45:46,3.220e-01,1579520746.761312
2020-01-20 11:45:56,3.210e-01,1579520756.8212764
2020-01-20 11:46:06,3.190e-01,1579520766.8774827
2020-01-20 11:46:16,3.170e-01,1579520776.9361289
2020-01-20 11:46:26,3.160e-01,1579520786.9933941
2020-01-20 11:46:37,3.140e-01,1579520797.0413916
2020-01-20 11:46:47,3.130e-01,1579520807.105702
2020-01-20 11:46:57,3.110e-01,1579520817.1631389
2020-01-20 11:47:07,3.090e-01,1579520827.2218323
2020-01-20 11:47:17,3.080e-01,1579520837.2805877
2020-01-20 11:47:27,3.060e-01,1579520847.3385713
2020-01-20 11:47:37,3.050e-01,1579520857.4021165
2020-01-20 11:47:47,3.030e-01,1579520867.4600601
2020-01-20 11:47:57,3.020e-01,1579520877.5210748
2020-01-20 11:48:07,3.010e-01,1579520887.5810442
2020-01-20 11:48:17,2.990e-01,1579520897.6313734
2020-01-20 11:48:27,2.980e-01,1579520907.7011888
2020-01-20 11:48:37,2.960e-01,1579520917.7611039
2020-01-20 11:48:47,2.950e-01,1579520927.8113163
2020-01-20 11:48:57,2.930e-01,1579520937.8811321
2020-01-20 11:49:07,2.920e-01,1579520947.9417808
2020-01-20 11:49:18,2.910e-01,1579520958.0009732
2020-01-20 11:49:28,2.890e-01,1579520968.0611863
2020-01-20 11:49:38,2.880e-01,1579520978.1219723
2020-01-20 11:49:48,2.870e-01,1579520988.179761
2020-01-20 11:49:58,2.860e-01,1579520998.2412903
2020-01-20 11:50:08,2.840e-01,1579521008.3015492
2020-01-20 11:50:18,2.830e-01,1579521018.3598642
2020-01-20 11:50:28,2.820e-01,1579521028.4210472
2020-01-20 11:50:38,2.810e-01,1579521038.4819055
2020-01-20 11:50:48,2.790e-01,1579521048.53132
2020-01-20 11:50:58,2.780e-01,1579521058.6008155
2020-01-20 11:51:08,2.770e-01,1579521068.6617877
2020-01-20 11:51:18,2.760e-01,1579521078.7207978
2020-01-20 11:51:28,2.750e-01,1579521088.7809274
2020-01-20 11:51:38,2.730e-01,1579521098.8412597
2020-01-20 11:51:48,2.720e-01,1579521108.9006429
2020-01-20 11:51:58,2.710e-01,1579521118.960785
2020-01-20 11:52:09,2.700e-01,1579521129.021863
2020-01-20 11:52:19,2.690e-01,1579521139.0807548
2020-01-20 11:52:29,2.680e-01,1579521149.1312811
2020-01-20 11:52:39,2.670e-01,1579521159.2020175
2020-01-20 11:52:49,2.660e-01,1579521169.260679
2020-01-20 11:52:59,2.650e-01,1579521179.3213532
2020-01-20 11:53:09,2.640e-01,1579521189.3815985
2020-01-20 11:53:19,3.100e-01,1579521199.4314353
2020-01-20 11:53:29,6.810e-01,1579521209.500882
2020-01-20 11:53:39,1.130e+00,1579521219.562077
2020-01-20 11:53:49,1.600e+00,1579521229.6198502
2020-01-20 11:53:59,1.290e+00,1579521239.6813898
2020-01-20 11:54:09,1.050e+00,1579521249.7414212
2020-01-20 11:54:19,8.680e-01,1579521259.8006701
2020-01-20 11:54:29,7.260e-01,1579521269.8607416
2020-01-20 11:54:39,6.180e-01,1579521279.921172
2020-01-20 11:54:49,5.320e-01,1579521289.980114
2020-01-20 11:55:00,4.660e-01,1579521300.041353
2020-01-20 11:55:10,4.110e-01,1579521310.091162
2020-01-20 11:55:20,3.660e-01,1579521320.157837
2020-01-20 11:55:30,3.320e-01,1579521330.2113776
2020-01-20 11:55:40,3.060e-01,1579521340.2674484
2020-01-20 11:55:50,2.850e-01,1579521350.321444
2020-01-20 11:56:00,2.650e-01,1579521360.3831303
2020-01-20 11:56:10,2.480e-01,1579521370.439284
2020-01-20 11:56:20,2.330e-01,1579521380.4911616
2020-01-20 11:56:30,2.210e-01,1579521390.552649
2020-01-20 11:56:40,2.110e-01,1579521400.6097095
2020-01-20 11:56:50,2.030e-01,1579521410.6663222
2020-01-20 11:57:00,1.970e-01,1579521420.727549
2020-01-20 11:57:10,1.920e-01,1579521430.787739
2020-01-20 11:57:20,1.880e-01,1579521440.8487568
2020-01-20 11:57:30,1.840e-01,1579521450.9013312
2020-01-20 11:57:40,1.810e-01,1579521460.9672496
2020-01-20 11:57:51,1.790e-01,1579521471.0287435
2020-01-20 11:58:01,1.780e-01,1579521481.0869365
2020-01-20 11:58:11,1.780e-01,1579521491.1482332
2020-01-20 11:58:21,1.780e-01,1579521501.2013178
2020-01-20 11:58:31,1.770e-01,1579521511.2667546
2020-01-20 11:58:41,1.770e-01,1579521521.3278382
2020-01-20 11:58:51,1.770e-01,1579521531.38888
2020-01-20 11:59:01,1.770e-01,1579521541.4411952
2020-01-20 11:59:11,1.850e-01,1579521551.4996953
2020-01-20 11:59:21,1.220e+00,1579521561.5671027
2020-01-20 11:59:31,8.980e+02,1579521571.624368
2020-01-20 11:59:41,8.990e+02,1579521581.6841912
2020-01-20 11:59:51,8.860e+02,1579521591.7365775
2020-01-20 12:00:01,8.650e+02,1579521601.7913263
2020-01-20 12:00:11,8.520e+02,1579521611.8501368
2020-01-20 12:00:21,8.460e+02,1579521621.9105766
2020-01-20 12:00:31,8.430e+02,1579521631.9716768
2020-01-20 12:00:42,8.440e+02,1579521642.030186
2020-01-20 12:00:52,8.440e+02,1579521652.0811946
2020-01-20 12:01:02,8.430e+02,1579521662.1476028
2020-01-20 12:01:12,8.430e+02,1579521672.2015476
2020-01-20 12:01:22,8.430e+02,1579521682.2511847
2020-01-20 12:01:32,8.400e+02,1579521692.3151486
2020-01-20 12:01:42,8.420e+02,1579521702.371284
2020-01-20 12:01:52,8.420e+02,1579521712.4347653
2020-01-20 12:02:02,8.400e+02,1579521722.4934297
2020-01-20 12:02:12,8.410e+02,1579521732.5543187
2020-01-20 12:02:22,8.420e+02,1579521742.6154711
2020-01-20 12:02:32,8.400e+02,1579521752.6711962
2020-01-20 12:02:42,8.410e+02,1579521762.7342384
2020-01-20 12:02:52,8.420e+02,1579521772.79551
2020-01-20 12:03:02,8.440e+02,1579521782.8537385
2020-01-20 12:03:12,8.430e+02,1579521792.9135473
2020-01-20 12:03:22,8.430e+02,1579521802.9711764
2020-01-20 12:03:33,8.430e+02,1579521813.0334203
2020-01-20 12:03:43,8.400e+02,1579521823.0937016
2020-01-20 12:03:53,8.400e+02,1579521833.1515834
2020-01-20 12:04:03,8.400e+02,1579521843.210107
2020-01-20 12:04:13,8.390e+02,1579521853.2613263
2020-01-20 12:04:23,8.400e+02,1579521863.3213232
2020-01-20 12:04:33,8.410e+02,1579521873.3782568
2020-01-20 12:04:43,8.390e+02,1579521883.4380176
2020-01-20 12:04:53,8.400e+02,1579521893.49453
2020-01-20 12:05:03,8.390e+02,1579521903.5512054
2020-01-20 12:05:13,8.410e+02,1579521913.6081815
2020-01-20 12:05:23,8.400e+02,1579521923.6652954
2020-01-20 12:05:33,8.390e+02,1579521933.7212389
2020-01-20 12:05:43,8.400e+02,1579521943.781238
2020-01-20 12:05:53,8.390e+02,1579521953.8411655
2020-01-20 12:06:03,8.380e+02,1579521963.9015775
2020-01-20 12:06:13,8.390e+02,1579521973.9608452
2020-01-20 12:06:24,8.390e+02,1579521984.0214376
2020-01-20 12:06:34,8.400e+02,1579521994.0817084
2020-01-20 12:06:44,8.380e+02,1579522004.1311834
2020-01-20 12:06:54,8.380e+02,1579522014.198912
2020-01-20 12:07:04,8.390e+02,1579522024.2578328
2020-01-20 12:07:14,8.370e+02,1579522034.3126519
2020-01-20 12:07:24,8.380e+02,1579522044.369052
2020-01-20 12:07:34,8.390e+02,1579522054.421191
2020-01-20 12:07:44,8.380e+02,1579522064.4843524
2020-01-20 12:07:54,8.390e+02,1579522074.5429769
2020-01-20 12:08:04,8.380e+02,1579522084.6043618
2020-01-20 12:08:14,8.390e+02,1579522094.6645584
2020-01-20 12:08:24,8.370e+02,1579522104.723697
2020-01-20 12:08:34,8.360e+02,1579522114.7842805
2020-01-20 12:08:44,8.380e+02,1579522124.844437
2020-01-20 12:08:54,8.380e+02,1579522134.9030108
2020-01-20 12:09:04,8.370e+02,1579522144.9612188
2020-01-20 12:09:15,8.390e+02,1579522155.021238
2020-01-20 12:09:25,8.370e+02,1579522165.073361
2020-01-20 12:09:35,8.360e+02,1579522175.1306546
2020-01-20 12:09:45,8.380e+02,1579522185.1867769
2020-01-20 12:09:55,8.370e+02,1579522195.2473803
2020-01-20 12:10:05,8.360e+02,1579522205.3080363
2020-01-20 12:10:15,8.370e+02,1579522215.3665774
2020-01-20 12:10:25,8.360e+02,1579522225.4280794
2020-01-20 12:10:35,8.370e+02,1579522235.4812891
2020-01-20 12:10:45,8.390e+02,1579522245.5411823
2020-01-20 12:10:55,8.370e+02,1579522255.6078174
2020-01-20 12:11:05,8.370e+02,1579522265.6678143
2020-01-20 12:11:15,8.380e+02,1579522275.7275035
2020-01-20 12:11:25,8.390e+02,1579522285.7819061
2020-01-20 12:11:35,8.360e+02,1579522295.849019
2020-01-20 12:11:45,8.380e+02,1579522305.9075253
2020-01-20 12:11:55,8.360e+02,1579522315.9677427
2020-01-20 12:12:06,8.360e+02,1579522326.0289886
2020-01-20 12:12:16,8.370e+02,1579522336.085636
2020-01-20 12:12:26,8.390e+02,1579522346.148359
2020-01-20 12:12:36,8.380e+02,1579522356.2049606
2020-01-20 12:12:46,8.370e+02,1579522366.2650235
2020-01-20 12:12:56,8.400e+02,1579522376.3174095
2020-01-20 12:13:06,8.390e+02,1579522386.3752708
2020-01-20 12:13:16,8.370e+02,1579522396.4332938
2020-01-20 12:13:26,8.390e+02,1579522406.4913468
2020-01-20 12:13:36,8.390e+02,1579522416.5490475
2020-01-20 12:13:46,8.370e+02,1579522426.6078725
2020-01-20 12:13:56,8.380e+02,1579522436.6613684
2020-01-20 12:14:06,8.380e+02,1579522446.71881
2020-01-20 12:14:16,8.360e+02,1579522456.7749708
2020-01-20 12:14:26,8.350e+02,1579522466.833652
2020-01-20 12:14:36,8.360e+02,1579522476.8946269
2020-01-20 12:14:46,8.360e+02,1579522486.9554567
2020-01-20 12:14:57,8.340e+02,1579522497.014005
2020-01-20 12:15:07,8.350e+02,1579522507.0752738
2020-01-20 12:15:17,8.350e+02,1579522517.134837
2020-01-20 12:15:27,8.340e+02,1579522527.193534
2020-01-20 12:15:37,8.350e+02,1579522537.254184
2020-01-20 12:15:47,8.360e+02,1579522547.3156118
2020-01-20 12:15:57,8.370e+02,1579522557.374073
2020-01-20 12:16:07,8.350e+02,1579522567.434738
2020-01-20 12:16:17,8.340e+02,1579522577.4958782
2020-01-20 12:16:27,8.360e+02,1579522587.5542288
2020-01-20 12:16:37,8.350e+02,1579522597.614354
2020-01-20 12:16:47,8.350e+02,1579522607.6753862
2020-01-20 12:16:57,8.360e+02,1579522617.734225
2020-01-20 12:17:07,8.350e+02,1579522627.7952816
2020-01-20 12:17:17,8.360e+02,1579522637.8550634
2020-01-20 12:17:27,8.350e+02,1579522647.9137774
2020-01-20 12:17:37,8.360e+02,1579522657.974992
2020-01-20 12:17:48,8.350e+02,1579522668.0348449
2020-01-20 12:17:58,8.370e+02,1579522678.0938315
2020-01-20 12:18:08,8.360e+02,1579522688.1512797
2020-01-20 12:18:18,8.370e+02,1579522698.2159479
2020-01-20 12:18:28,8.380e+02,1579522708.269214
2020-01-20 12:18:38,8.360e+02,1579522718.3343043
2020-01-20 12:18:48,8.360e+02,1579522728.395934
2020-01-20 12:18:58,8.370e+02,1579522738.4513085
2020-01-20 12:19:08,8.350e+02,1579522748.5149875
2020-01-20 12:19:18,8.340e+02,1579522758.5761895
2020-01-20 12:19:28,8.360e+02,1579522768.631199
2020-01-20 12:19:38,8.340e+02,1579522778.6955404
2020-01-20 12:19:48,8.330e+02,1579522788.7513454
2020-01-20 12:19:58,8.340e+02,1579522798.8143916
2020-01-20 12:20:08,8.330e+02,1579522808.875801
2020-01-20 12:20:18,8.350e+02,1579522818.9311774
2020-01-20 12:20:28,8.330e+02,1579522828.9943993
2020-01-20 12:20:39,8.340e+02,1579522839.0558486
2020-01-20 12:20:49,8.350e+02,1579522849.11555
2020-01-20 12:20:59,8.330e+02,1579522859.1743498
2020-01-20 12:21:09,8.350e+02,1579522869.2354214
2020-01-20 12:21:19,8.340e+02,1579522879.2958279
2020-01-20 12:21:29,8.330e+02,1579522889.3514156
2020-01-20 12:21:39,8.340e+02,1579522899.415648
2020-01-20 12:21:49,8.340e+02,1579522909.4762719
2020-01-20 12:21:59,8.350e+02,1579522919.5349567
2020-01-20 12:22:09,8.330e+02,1579522929.5958927
2020-01-20 12:22:19,8.330e+02,1579522939.6515832
2020-01-20 12:22:29,8.360e+02,1579522949.7123797
2020-01-20 12:22:39,8.350e+02,1579522959.7659154
2020-01-20 12:22:49,8.360e+02,1579522969.8219104
2020-01-20 12:22:59,8.360e+02,1579522979.8793926
2020-01-20 12:23:09,8.370e+02,1579522989.9311857
2020-01-20 12:23:19,8.370e+02,1579522999.994532
2020-01-20 12:23:30,8.350e+02,1579523010.0519385
2020-01-20 12:23:40,8.360e+02,1579523020.107784
2020-01-20 12:23:50,8.520e+02,1579523030.1643965
2020-01-20 12:24:00,8.860e+02,1579523040.2211788
2020-01-20 12:24:10,9.290e+02,1579523050.2816317
2020-01-20 12:24:20,9.240e+02,1579523060.3401644
2020-01-20 12:24:30,9.110e+02,1579523070.3982322
2020-01-20 12:24:40,9.020e+02,1579523080.4546483
2020-01-20 12:24:50,8.910e+02,1579523090.5012057
2020-01-20 12:25:00,8.810e+02,1579523100.548857
2020-01-20 12:25:10,8.750e+02,1579523110.6076326
2020-01-20 12:25:20,8.660e+02,1579523120.668756
2020-01-20 12:25:30,8.640e+02,1579523130.7295063
2020-01-20 12:25:40,8.430e+02,1579523140.7811952
2020-01-20 12:25:50,7.850e+02,1579523150.8486953
2020-01-20 12:26:00,7.240e+02,1579523160.9087079
2020-01-20 12:26:10,6.730e+02,1579523170.9674866
2020-01-20 12:26:21,6.270e+02,1579523181.0288246
2020-01-20 12:26:31,5.860e+02,1579523191.0812023
2020-01-20 12:26:41,5.490e+02,1579523201.147229
2020-01-20 12:26:51,5.130e+02,1579523211.2085526
2020-01-20 12:27:01,4.810e+02,1579523221.2692273
2020-01-20 12:27:11,4.520e+02,1579523231.3281736
2020-01-20 12:27:21,4.240e+02,1579523241.381152
2020-01-20 12:27:31,3.980e+02,1579523251.4495797
2020-01-20 12:27:41,3.740e+02,1579523261.508413
2020-01-20 12:27:51,3.520e+02,1579523271.5679789
2020-01-20 12:28:01,3.310e+02,1579523281.6211772
2020-01-20 12:28:11,3.110e+02,1579523291.6811764
2020-01-20 12:28:21,2.920e+02,1579523301.7411942
2020-01-20 12:28:31,2.740e+02,1579523311.8092208
2020-01-20 12:28:41,2.570e+02,1579523321.867838
2020-01-20 12:28:51,2.420e+02,1579523331.9291294
2020-01-20 12:29:01,2.280e+02,1579523341.9811847
2020-01-20 12:29:12,2.140e+02,1579523352.0476325
2020-01-20 12:29:22,2.020e+02,1579523362.1090655
2020-01-20 12:29:32,1.900e+02,1579523372.1698923
2020-01-20 12:29:42,1.790e+02,1579523382.2276208
2020-01-20 12:29:52,1.690e+02,1579523392.2811823
2020-01-20 12:30:02,1.590e+02,1579523402.3499644
2020-01-20 12:30:12,1.500e+02,1579523412.4086442
2020-01-20 12:30:22,1.410e+02,1579523422.4685397
2020-01-20 12:30:32,1.330e+02,1579523432.5297377
2020-01-20 12:30:42,1.240e+02,1579523442.5811813
2020-01-20 12:30:52,1.180e+02,1579523452.6484923
2020-01-20 12:31:02,1.120e+02,1579523462.7061896
2020-01-20 12:31:12,1.070e+02,1579523472.7650552
2020-01-20 12:31:22,1.020e+02,1579523482.8184812
2020-01-20 12:31:32,9.730e+01,1579523492.8761249
2020-01-20 12:31:42,9.270e+01,1579523502.9323912
2020-01-20 12:31:52,8.840e+01,1579523512.99377
2020-01-20 12:32:03,8.430e+01,1579523523.0494764
2020-01-20 12:32:13,8.040e+01,1579523533.1084428
2020-01-20 12:32:23,7.670e+01,1579523543.1611686
2020-01-20 12:32:33,7.310e+01,1579523553.2199311
2020-01-20 12:32:43,6.990e+01,1579523563.276254
2020-01-20 12:32:53,6.670e+01,1579523573.3347437
2020-01-20 12:33:03,6.380e+01,1579523583.3961456
2020-01-20 12:33:13,6.100e+01,1579523593.451207
2020-01-20 12:33:23,5.830e+01,1579523603.5154805
2020-01-20 12:33:33,5.580e+01,1579523613.5758214
2020-01-20 12:33:43,5.350e+01,1579523623.636521
2020-01-20 12:33:53,5.120e+01,1579523633.6956506
2020-01-20 12:34:03,4.900e+01,1579523643.7566824
2020-01-20 12:34:13,4.710e+01,1579523653.8162804
2020-01-20 12:34:23,4.510e+01,1579523663.875192
2020-01-20 12:34:33,4.330e+01,1579523673.935905
2020-01-20 12:34:43,4.160e+01,1579523683.9972224
2020-01-20 12:34:54,4.000e+01,1579523694.0558317
2020-01-20 12:35:04,3.850e+01,1579523704.1155849
2020-01-20 12:35:14,3.700e+01,1579523714.1676192
2020-01-20 12:35:24,3.560e+01,1579523724.235101
2020-01-20 12:35:34,3.430e+01,1579523734.2964723
2020-01-20 12:35:44,3.310e+01,1579523744.357201
2020-01-20 12:35:54,3.190e+01,1579523754.4152937
2020-01-20 12:36:04,3.080e+01,1579523764.4767554
2020-01-20 12:36:14,2.980e+01,1579523774.535982
2020-01-20 12:36:24,2.880e+01,1579523784.5952415
2020-01-20 12:36:34,2.780e+01,1579523794.656366
2020-01-20 12:36:44,2.690e+01,1579523804.7171886
2020-01-20 12:36:54,2.610e+01,1579523814.7758195
2020-01-20 12:37:04,2.520e+01,1579523824.8368204
2020-01-20 12:37:14,2.450e+01,1579523834.8970752
2020-01-20 12:37:24,2.370e+01,1579523844.951187
2020-01-20 12:37:35,2.300e+01,1579523855.0166554
2020-01-20 12:37:45,2.230e+01,1579523865.0769558
2020-01-20 12:37:55,2.170e+01,1579523875.1351616
2020-01-20 12:38:05,2.110e+01,1579523885.1966934
2020-01-20 12:38:15,2.050e+01,1579523895.2512293
2020-01-20 12:38:25,1.990e+01,1579523905.3162277
2020-01-20 12:38:35,1.940e+01,1579523915.3759363
2020-01-20 12:38:45,1.890e+01,1579523925.437026
2020-01-20 12:38:55,1.840e+01,1579523935.4960225
2020-01-20 12:39:05,1.790e+01,1579523945.5511851
2020-01-20 12:39:15,1.750e+01,1579523955.6172664
2020-01-20 12:39:25,1.700e+01,1579523965.6822367
2020-01-20 12:39:35,1.660e+01,1579523975.7382207
2020-01-20 12:39:45,1.620e+01,1579523985.797199
2020-01-20 12:39:55,1.590e+01,1579523995.8559692
2020-01-20 12:40:05,1.550e+01,1579524005.9168122
2020-01-20 12:40:15,1.510e+01,1579524015.9771376
2020-01-20 12:40:26,1.480e+01,1579524026.033445
2020-01-20 12:40:36,1.450e+01,1579524036.0968218
2020-01-20 12:40:46,1.420e+01,1579524046.1530209
2020-01-20 12:40:56,1.390e+01,1579524056.2125742
2020-01-20 12:41:06,1.360e+01,1579524066.2663019
2020-01-20 12:41:16,1.280e+01,1579524076.3237364
2020-01-20 12:41:26,1.260e+01,1579524086.379879
2020-01-20 12:41:36,1.240e+01,1579524096.4395244
2020-01-20 12:41:46,1.220e+01,1579524106.495561
2020-01-20 12:41:56,1.200e+01,1579524116.5555313
2020-01-20 12:42:06,1.180e+01,1579524126.608838
2020-01-20 12:42:16,1.160e+01,1579524136.6651163
2020-01-20 12:42:26,1.140e+01,1579524146.722221
2020-01-20 12:42:36,1.120e+01,1579524156.7829936
2020-01-20 12:42:46,1.100e+01,1579524166.8419356
2020-01-20 12:42:56,1.090e+01,1579524176.8997846
2020-01-20 12:43:06,1.070e+01,1579524186.9597104
2020-01-20 12:43:17,1.050e+01,1579524197.0120106
2020-01-20 12:43:27,1.040e+01,1579524207.0684311
2020-01-20 12:43:37,1.020e+01,1579524217.1253684
2020-01-20 12:43:47,1.010e+01,1579524227.185863
2020-01-20 12:43:57,9.920e+00,1579524237.2459996
2020-01-20 12:44:07,9.780e+00,1579524247.304752
2020-01-20 12:44:17,9.640e+00,1579524257.365362
2020-01-20 12:44:27,9.500e+00,1579524267.4266765
2020-01-20 12:44:37,9.370e+00,1579524277.4852886
2020-01-20 12:44:47,9.240e+00,1579524287.5454652
2020-01-20 12:44:57,9.110e+00,1579524297.60664
2020-01-20 12:45:07,8.990e+00,1579524307.6652234
2020-01-20 12:45:17,8.870e+00,1579524317.7253146
2020-01-20 12:45:27,8.750e+00,1579524327.786073
2020-01-20 12:45:37,8.640e+00,1579524337.8475196
2020-01-20 12:45:47,8.520e+00,1579524347.9060636
2020-01-20 12:45:57,8.410e+00,1579524357.9662757
2020-01-20 12:46:08,8.310e+00,1579524368.0270529
2020-01-20 12:46:18,8.200e+00,1579524378.0797145
2020-01-20 12:46:28,8.100e+00,1579524388.1470165
2020-01-20 12:46:38,8.000e+00,1579524398.2043185
2020-01-20 12:46:48,7.900e+00,1579524408.265854
2020-01-20 12:46:58,7.810e+00,1579524418.3255427
2020-01-20 12:47:08,7.710e+00,1579524428.3879943
2020-01-20 12:47:18,7.620e+00,1579524438.4453452
2020-01-20 12:47:28,7.530e+00,1579524448.5011637
2020-01-20 12:47:38,7.450e+00,1579524458.5674152
2020-01-20 12:47:48,7.360e+00,1579524468.6265173
2020-01-20 12:47:58,7.280e+00,1579524478.6864095
2020-01-20 12:48:08,7.200e+00,1579524488.747678
2020-01-20 12:48:18,7.120e+00,1579524498.8011935
2020-01-20 12:48:28,7.040e+00,1579524508.8669803
2020-01-20 12:48:38,6.960e+00,1579524518.927091
2020-01-20 12:48:48,6.890e+00,1579524528.9853468
2020-01-20 12:48:59,6.810e+00,1579524539.0465662
2020-01-20 12:49:09,6.740e+00,1579524549.1011527
2020-01-20 12:49:19,6.670e+00,1579524559.166177
2020-01-20 12:49:29,6.600e+00,1579524569.2272663
2020-01-20 12:49:39,6.530e+00,1579524579.2871523
2020-01-20 12:49:49,6.470e+00,1579524589.3458247
2020-01-20 12:49:59,6.400e+00,1579524599.4011962
2020-01-20 12:50:09,6.340e+00,1579524609.463062
2020-01-20 12:50:19,6.270e+00,1579524619.5165706
2020-01-20 12:50:29,6.210e+00,1579524629.5725548
2020-01-20 12:50:39,6.150e+00,1579524639.6302092
2020-01-20 12:50:49,6.090e+00,1579524649.6811836
2020-01-20 12:50:59,6.030e+00,1579524659.747273
2020-01-20 12:51:09,5.970e+00,1579524669.8063686
2020-01-20 12:51:19,5.920e+00,1579524679.8598535
2020-01-20 12:51:29,5.860e+00,1579524689.9172392
2020-01-20 12:51:39,5.810e+00,1579524699.9737303
2020-01-20 12:51:50,5.760e+00,1579524710.0327184
2020-01-20 12:52:00,5.710e+00,1579524720.0928564
2020-01-20 12:52:10,5.650e+00,1579524730.153816
2020-01-20 12:52:20,5.600e+00,1579524740.2126951
2020-01-20 12:52:30,5.550e+00,1579524750.2726488
2020-01-20 12:52:40,5.510e+00,1579524760.3338168
2020-01-20 12:52:50,5.460e+00,1579524770.3927598
2020-01-20 12:53:00,5.410e+00,1579524780.452544
2020-01-20 12:53:10,5.360e+00,1579524790.5140297
2020-01-20 12:53:20,5.320e+00,1579524800.5711946
2020-01-20 12:53:30,5.270e+00,1579524810.6330426
2020-01-20 12:53:40,5.230e+00,1579524820.69399
2020-01-20 12:53:50,5.190e+00,1579524830.752475
2020-01-20 12:54:00,5.140e+00,1579524840.813933
2020-01-20 12:54:10,5.100e+00,1579524850.8711836
2020-01-20 12:54:20,5.060e+00,1579524860.9327235
2020-01-20 12:54:30,5.020e+00,1579524870.9927816
2020-01-20 12:54:41,4.980e+00,1579524881.0536747
2020-01-20 12:54:51,4.940e+00,1579524891.1128426
2020-01-20 12:55:01,4.900e+00,1579524901.1712642
2020-01-20 12:55:11,4.860e+00,1579524911.233908
2020-01-20 12:55:21,4.830e+00,1579524921.2934246
2020-01-20 12:55:31,4.790e+00,1579524931.3534894
2020-01-20 12:55:41,4.750e+00,1579524941.4146876
2020-01-20 12:55:51,4.710e+00,1579524951.4712338
2020-01-20 12:56:01,4.680e+00,1579524961.5335243
2020-01-20 12:56:11,4.640e+00,1579524971.594526
2020-01-20 12:56:21,4.610e+00,1579524981.6536129
2020-01-20 12:56:31,4.580e+00,1579524991.7135718
2020-01-20 12:56:41,4.540e+00,1579525001.7713008
2020-01-20 12:56:51,4.510e+00,1579525011.8336072
2020-01-20 12:57:01,4.480e+00,1579525021.8936768
2020-01-20 12:57:11,4.450e+00,1579525031.953966
2020-01-20 12:57:22,4.410e+00,1579525042.0136564
2020-01-20 12:57:32,4.380e+00,1579525052.0712826
2020-01-20 12:57:42,4.350e+00,1579525062.134357
2020-01-20 12:57:52,4.320e+00,1579525072.1926866
2020-01-20 12:58:02,4.290e+00,1579525082.2536535
2020-01-20 12:58:12,4.260e+00,1579525092.3150082
2020-01-20 12:58:22,4.230e+00,1579525102.3713033
2020-01-20 12:58:32,4.210e+00,1579525112.4345634
2020-01-20 12:58:42,4.180e+00,1579525122.494692
2020-01-20 12:58:52,4.150e+00,1579525132.5530813
2020-01-20 12:59:02,4.120e+00,1579525142.614198
2020-01-20 12:59:12,4.090e+00,1579525152.6715307
2020-01-20 12:59:22,4.070e+00,1579525162.7337577
2020-01-20 12:59:32,4.040e+00,1579525172.7936046
2020-01-20 12:59:42,4.020e+00,1579525182.8510487
2020-01-20 12:59:52,3.990e+00,1579525192.9110255
2020-01-20 13:00:02,3.960e+00,1579525202.9614565
2020-01-20 13:00:13,3.940e+00,1579525213.02098
2020-01-20 13:00:23,3.910e+00,1579525223.0780067
2020-01-20 13:00:33,3.890e+00,1579525233.1387103
2020-01-20 13:00:43,3.870e+00,1579525243.1947563
2020-01-20 13:00:53,3.840e+00,1579525253.2513003
2020-01-20 13:01:03,3.820e+00,1579525263.3099065
2020-01-20 13:01:13,3.800e+00,1579525273.3648303
2020-01-20 13:01:23,3.770e+00,1579525283.4213336
2020-01-20 13:01:33,3.750e+00,1579525293.4808328
2020-01-20 13:01:43,3.730e+00,1579525303.5408912
2020-01-20 13:01:53,3.710e+00,1579525313.6023352
2020-01-20 13:02:03,3.680e+00,1579525323.6603699
2020-01-20 13:02:13,3.660e+00,1579525333.7112556
2020-01-20 13:02:23,3.640e+00,1579525343.781341
2020-01-20 13:02:33,3.620e+00,1579525353.831468
2020-01-20 13:02:43,3.600e+00,1579525363.9009478
2020-01-20 13:02:53,3.580e+00,1579525373.9622214
2020-01-20 13:03:04,3.560e+00,1579525384.0210948
2020-01-20 13:03:14,3.540e+00,1579525394.0808582
2020-01-20 13:03:24,3.520e+00,1579525404.1419861
2020-01-20 13:03:34,3.500e+00,1579525414.1912446
2020-01-20 13:03:44,3.480e+00,1579525424.2608142
2020-01-20 13:03:54,3.460e+00,1579525434.3218863
2020-01-20 13:04:04,3.440e+00,1579525444.38087
2020-01-20 13:04:14,3.420e+00,1579525454.4409444
2020-01-20 13:04:24,3.410e+00,1579525464.501282
2020-01-20 13:04:34,3.390e+00,1579525474.5512857
2020-01-20 13:04:44,3.370e+00,1579525484.6216624
2020-01-20 13:04:54,3.350e+00,1579525494.6814895
2020-01-20 13:05:04,3.330e+00,1579525504.74015
2020-01-20 13:05:14,3.320e+00,1579525514.8013017
2020-01-20 13:05:24,3.300e+00,1579525524.8621476
2020-01-20 13:05:34,3.280e+00,1579525534.9208627
2020-01-20 13:05:44,3.270e+00,1579525544.9810376
2020-01-20 13:05:55,3.250e+00,1579525555.0424607
2020-01-20 13:06:05,3.230e+00,1579525565.1011846
2020-01-20 13:06:15,3.220e+00,1579525575.1611073
2020-01-20 13:06:25,3.200e+00,1579525585.2220085
2020-01-20 13:06:35,3.180e+00,1579525595.280745
2020-01-20 13:06:45,3.170e+00,1579525605.341275
2020-01-20 13:06:55,3.150e+00,1579525615.4023075
2020-01-20 13:07:05,3.140e+00,1579525625.455283
2020-01-20 13:07:15,3.120e+00,1579525635.5217023
2020-01-20 13:07:25,3.110e+00,1579525645.5819676
2020-01-20 13:07:35,3.090e+00,1579525655.6408381
2020-01-20 13:07:45,3.080e+00,1579525665.7021973
2020-01-20 13:07:55,3.060e+00,1579525675.7619553
2020-01-20 13:08:05,3.050e+00,1579525685.8207421
2020-01-20 13:08:15,3.040e+00,1579525695.8815632
2020-01-20 13:08:25,3.020e+00,1579525705.9412622
2020-01-20 13:08:36,3.010e+00,1579525716.000809
2020-01-20 13:08:46,2.990e+00,1579525726.061477
2020-01-20 13:08:56,2.980e+00,1579525736.1212728
2020-01-20 13:09:06,2.970e+00,1579525746.1811714
2020-01-20 13:09:16,2.950e+00,1579525756.241034
2020-01-20 13:09:26,2.940e+00,1579525766.298186
2020-01-20 13:09:36,2.930e+00,1579525776.35843
2020-01-20 13:09:46,2.910e+00,1579525786.411361
2020-01-20 13:09:56,2.900e+00,1579525796.4599895
2020-01-20 13:10:06,2.890e+00,1579525806.5085955
2020-01-20 13:10:16,2.880e+00,1579525816.567061
2020-01-20 13:10:26,2.860e+00,1579525826.6246102
2020-01-20 13:10:36,2.850e+00,1579525836.685338
2020-01-20 13:10:46,2.840e+00,1579525846.738238
2020-01-20 13:10:56,2.830e+00,1579525856.794231
2020-01-20 13:11:06,2.820e+00,1579525866.8515646
2020-01-20 13:11:16,2.800e+00,1579525876.9112635
2020-01-20 13:11:26,2.790e+00,1579525886.970972
2020-01-20 13:11:37,2.780e+00,1579525897.0315626
2020-01-20 13:11:47,2.770e+00,1579525907.091816
2020-01-20 13:11:57,2.760e+00,1579525917.15027
2020-01-20 13:12:07,2.750e+00,1579525927.211279
2020-01-20 13:12:17,2.740e+00,1579525937.271298
2020-01-20 13:12:27,2.730e+00,1579525947.331045
2020-01-20 13:12:37,2.710e+00,1579525957.3910468
2020-01-20 13:12:47,2.700e+00,1579525967.452225
2020-01-20 13:12:57,2.690e+00,1579525977.5012596
2020-01-20 13:13:07,2.680e+00,1579525987.5708349
2020-01-20 13:13:17,2.670e+00,1579525997.6319287
2020-01-20 13:13:27,2.660e+00,1579526007.6905644
2020-01-20 13:13:37,2.650e+00,1579526017.7513878
2020-01-20 13:13:47,2.640e+00,1579526027.811575
2020-01-20 13:13:57,2.630e+00,1579526037.8712504
2020-01-20 13:14:07,2.620e+00,1579526047.9310205
2020-01-20 13:14:17,2.610e+00,1579526057.9921615
2020-01-20 13:14:28,2.600e+00,1579526068.0508718
2020-01-20 13:14:38,2.590e+00,1579526078.1011782
2020-01-20 13:14:48,2.580e+00,1579526088.1505737
2020-01-20 13:14:58,2.570e+00,1579526098.2049673
2020-01-20 13:15:08,2.570e+00,1579526108.261193
2020-01-20 13:15:18,2.560e+00,1579526118.3177192
2020-01-20 13:15:28,2.550e+00,1579526128.3711634
2020-01-20 13:15:38,2.540e+00,1579526138.433809
2020-01-20 13:15:48,2.530e+00,1579526148.4901106
2020-01-20 13:15:58,2.520e+00,1579526158.5464818
2020-01-20 13:16:08,2.510e+00,1579526168.6038592
2020-01-20 13:16:18,2.500e+00,1579526178.6612005
2020-01-20 13:16:28,2.490e+00,1579526188.7203574
2020-01-20 13:16:38,2.480e+00,1579526198.7815335
2020-01-20 13:16:48,2.480e+00,1579526208.8427558
2020-01-20 13:16:58,2.470e+00,1579526218.9010391
2020-01-20 13:17:08,2.460e+00,1579526228.9512653
2020-01-20 13:17:19,2.450e+00,1579526239.014695
2020-01-20 13:17:29,2.440e+00,1579526249.0710373
2020-01-20 13:17:39,2.430e+00,1579526259.127206
2020-01-20 13:17:49,2.430e+00,1579526269.183479
2020-01-20 13:17:59,2.420e+00,1579526279.2444255
2020-01-20 13:18:09,2.410e+00,1579526289.3019333
2020-01-20 13:18:19,2.400e+00,1579526299.3614056
2020-01-20 13:18:29,2.390e+00,1579526309.415133
2020-01-20 13:18:39,2.390e+00,1579526319.4715123
2020-01-20 13:18:49,2.380e+00,1579526329.521236
2020-01-20 13:18:59,2.370e+00,1579526339.5869882
2020-01-20 13:19:09,2.360e+00,1579526349.6475685
2020-01-20 13:19:19,2.360e+00,1579526359.707447
2020-01-20 13:19:29,2.350e+00,1579526369.7670858
2020-01-20 13:19:39,2.340e+00,1579526379.8219635
2020-01-20 13:19:49,2.330e+00,1579526389.8875916
2020-01-20 13:19:59,2.330e+00,1579526399.9463096
2020-01-20 13:20:10,2.320e+00,1579526410.007097
2020-01-20 13:20:20,2.310e+00,1579526420.0684028
2020-01-20 13:20:30,2.310e+00,1579526430.1269603
2020-01-20 13:20:40,2.300e+00,1579526440.1887517
2020-01-20 13:20:50,2.290e+00,1579526450.2411852
2020-01-20 13:21:00,2.290e+00,1579526460.3066678
2020-01-20 13:21:10,2.280e+00,1579526470.3680534
2020-01-20 13:21:20,2.270e+00,1579526480.4279175
2020-01-20 13:21:30,2.270e+00,1579526490.4868016
2020-01-20 13:21:40,2.260e+00,1579526500.5479045
2020-01-20 13:21:50,2.250e+00,1579526510.6077552
2020-01-20 13:22:00,2.250e+00,1579526520.6666071
2020-01-20 13:22:10,2.240e+00,1579526530.7279265
2020-01-20 13:22:20,2.230e+00,1579526540.78119
2020-01-20 13:22:30,2.230e+00,1579526550.841197
2020-01-20 13:22:40,2.220e+00,1579526560.907904
2020-01-20 13:22:50,2.210e+00,1579526570.9696481
2020-01-20 13:23:01,2.210e+00,1579526581.028935
2020-01-20 13:23:11,2.200e+00,1579526591.0873978
2020-01-20 13:23:21,2.200e+00,1579526601.1412032
2020-01-20 13:23:31,2.190e+00,1579526611.2074053
2020-01-20 13:23:41,2.180e+00,1579526621.2674718
2020-01-20 13:23:51,2.180e+00,1579526631.3283105
2020-01-20 13:24:01,2.170e+00,1579526641.387106
2020-01-20 13:24:11,2.170e+00,1579526651.441171
2020-01-20 13:24:21,2.160e+00,1579526661.5088415
2020-01-20 13:24:31,2.160e+00,1579526671.5676064
2020-01-20 13:24:41,2.150e+00,1579526681.6241307
2020-01-20 13:24:51,2.140e+00,1579526691.680222
2020-01-20 13:25:01,2.140e+00,1579526701.7313485
2020-01-20 13:25:11,2.130e+00,1579526711.7912028
2020-01-20 13:25:21,2.130e+00,1579526721.8512402
2020-01-20 13:25:31,2.120e+00,1579526731.910985
2020-01-20 13:25:41,2.120e+00,1579526741.9719253
2020-01-20 13:25:52,2.110e+00,1579526752.0331109
2020-01-20 13:26:02,2.110e+00,1579526762.09178
2020-01-20 13:26:12,2.100e+00,1579526772.1517966
2020-01-20 13:26:22,2.100e+00,1579526782.208868
2020-01-20 13:26:32,2.090e+00,1579526792.2678454
2020-01-20 13:26:42,2.090e+00,1579526802.3211918
2020-01-20 13:26:52,2.080e+00,1579526812.3792775
2020-01-20 13:27:02,2.080e+00,1579526822.435501
2020-01-20 13:27:12,2.070e+00,1579526832.4940872
2020-01-20 13:27:22,2.070e+00,1579526842.550818
2020-01-20 13:27:32,2.060e+00,1579526852.6053061
2020-01-20 13:27:42,2.060e+00,1579526862.664626
2020-01-20 13:27:52,2.050e+00,1579526872.7186952
2020-01-20 13:28:02,2.050e+00,1579526882.7783043
2020-01-20 13:28:12,2.040e+00,1579526892.8382907
2020-01-20 13:28:22,2.040e+00,1579526902.8912
2020-01-20 13:28:32,2.030e+00,1579526912.9580457
2020-01-20 13:28:43,2.030e+00,1579526923.0180385
2020-01-20 13:28:53,2.020e+00,1579526933.076934
2020-01-20 13:29:03,2.020e+00,1579526943.1379755
2020-01-20 13:29:13,2.010e+00,1579526953.191207
2020-01-20 13:29:23,2.010e+00,1579526963.2572882
2020-01-20 13:29:33,2.000e+00,1579526973.3175242
2020-01-20 13:29:43,2.000e+00,1579526983.3783548
2020-01-20 13:29:53,2.000e+00,1579526993.4374976
2020-01-20 13:30:03,1.990e+00,1579527003.4911673
2020-01-20 13:30:13,1.990e+00,1579527013.554904
2020-01-20 13:30:23,1.980e+00,1579527023.6094384
2020-01-20 13:30:33,1.980e+00,1579527033.6656094
2020-01-20 13:30:43,1.970e+00,1579527043.7190773
2020-01-20 13:30:53,1.970e+00,1579527053.7712014
2020-01-20 13:31:03,1.970e+00,1579527063.8416488
2020-01-20 13:31:13,1.960e+00,1579527073.900355
2020-01-20 13:31:23,1.960e+00,1579527083.961208
2020-01-20 13:31:34,1.950e+00,1579527094.0213568
2020-01-20 13:31:44,1.950e+00,1579527104.0711803
2020-01-20 13:31:54,1.950e+00,1579527114.1413095
2020-01-20 13:32:04,1.940e+00,1579527124.201225
2020-01-20 13:32:14,1.940e+00,1579527134.2602394
2020-01-20 13:32:24,1.930e+00,1579527144.3215692
2020-01-20 13:32:34,1.930e+00,1579527154.3819563
2020-01-20 13:32:44,1.930e+00,1579527164.4403536
2020-01-20 13:32:54,1.920e+00,1579527174.5015874
2020-01-20 13:33:04,1.920e+00,1579527184.5615754
2020-01-20 13:33:14,1.910e+00,1579527194.621541
2020-01-20 13:33:24,1.910e+00,1579527204.681345
2020-01-20 13:33:34,1.910e+00,1579527214.74211
2020-01-20 13:33:44,1.900e+00,1579527224.802456
2020-01-20 13:33:54,1.900e+00,1579527234.8607736
2020-01-20 13:34:04,1.900e+00,1579527244.9222338
2020-01-20 13:34:14,1.890e+00,1579527254.9822896
2020-01-20 13:34:25,1.890e+00,1579527265.0409982
2020-01-20 13:34:35,1.890e+00,1579527275.1022072
2020-01-20 13:34:45,1.880e+00,1579527285.1613522
2020-01-20 13:34:55,1.880e+00,1579527295.2214437
2020-01-20 13:35:05,1.870e+00,1579527305.2819915
2020-01-20 13:35:15,1.870e+00,1579527315.3426096
2020-01-20 13:35:25,1.870e+00,1579527325.4016547
2020-01-20 13:35:35,1.860e+00,1579527335.4513187
2020-01-20 13:35:45,1.860e+00,1579527345.5181465
2020-01-20 13:35:55,1.860e+00,1579527355.5712516
2020-01-20 13:36:05,1.860e+00,1579527365.627461
2020-01-20 13:36:15,1.850e+00,1579527375.6847894
2020-01-20 13:36:25,1.850e+00,1579527385.7411997
2020-01-20 13:36:35,1.850e+00,1579527395.8024592
2020-01-20 13:36:45,1.840e+00,1579527405.8614573
2020-01-20 13:36:55,1.840e+00,1579527415.914884
2020-01-20 13:37:05,1.840e+00,1579527425.9724388
2020-01-20 13:37:16,1.830e+00,1579527436.02863
2020-01-20 13:37:26,1.830e+00,1579527446.0874836
2020-01-20 13:37:36,1.830e+00,1579527456.148508
2020-01-20 13:37:46,1.820e+00,1579527466.2091205
2020-01-20 13:37:56,1.820e+00,1579527476.2678885
2020-01-20 13:38:06,1.820e+00,1579527486.3287947
2020-01-20 13:38:16,1.810e+00,1579527496.3894506
2020-01-20 13:38:26,1.810e+00,1579527506.4475007
2020-01-20 13:38:36,1.810e+00,1579527516.5087218
2020-01-20 13:38:46,1.810e+00,1579527526.568413
2020-01-20 13:38:56,1.800e+00,1579527536.6279442
2020-01-20 13:39:06,1.800e+00,1579527546.6885264
2020-01-20 13:39:16,1.800e+00,1579527556.7491057
2020-01-20 13:39:26,1.790e+00,1579527566.8140545
2020-01-20 13:39:36,1.790e+00,1579527576.8706462
2020-01-20 13:39:46,1.790e+00,1579527586.9293973
2020-01-20 13:39:56,1.790e+00,1579527596.9882762
2020-01-20 13:40:07,1.780e+00,1579527607.0486166
2020-01-20 13:40:17,1.780e+00,1579527617.1094782
2020-01-20 13:40:27,1.780e+00,1579527627.1612718
2020-01-20 13:40:37,1.770e+00,1579527637.2295275
2020-01-20 13:40:47,1.770e+00,1579527647.289636
2020-01-20 13:40:57,1.770e+00,1579527657.348453
2020-01-20 13:41:07,1.770e+00,1579527667.4089649
2020-01-20 13:41:17,1.760e+00,1579527677.4693077
2020-01-20 13:41:27,1.760e+00,1579527687.5281782
2020-01-20 13:41:37,1.760e+00,1579527697.5879965
2020-01-20 13:41:47,1.760e+00,1579527707.6491678
2020-01-20 13:41:57,1.750e+00,1579527717.7078032
2020-01-20 13:42:07,1.750e+00,1579527727.7691216
2020-01-20 13:42:17,1.750e+00,1579527737.829333
2020-01-20 13:42:27,1.750e+00,1579527747.8879828
2020-01-20 13:42:37,1.740e+00,1579527757.9412918
2020-01-20 13:42:48,1.740e+00,1579527768.0099308
2020-01-20 13:42:58,1.740e+00,1579527778.0674527
2020-01-20 13:43:08,1.740e+00,1579527788.1286325
2020-01-20 13:43:18,1.730e+00,1579527798.1899188
2020-01-20 13:43:28,1.730e+00,1579527808.2485914
2020-01-20 13:43:38,1.730e+00,1579527818.3089168
2020-01-20 13:43:48,1.730e+00,1579527828.3688822
2020-01-20 13:43:58,1.730e+00,1579527838.428693
2020-01-20 13:44:08,1.740e+00,1579527848.4910522
2020-01-20 13:44:18,1.750e+00,1579527858.5502913
2020-01-20 13:44:28,1.750e+00,1579527868.6084704
2020-01-20 13:44:38,1.760e+00,1579527878.668219
2020-01-20 13:44:48,1.760e+00,1579527888.727132
2020-01-20 13:44:58,1.770e+00,1579527898.7879333
2020-01-20 13:45:08,1.770e+00,1579527908.848844
2020-01-20 13:45:18,1.780e+00,1579527918.9062057
2020-01-20 13:45:28,1.790e+00,1579527928.9650142
2020-01-20 13:45:39,1.790e+00,1579527939.0188577
2020-01-20 13:45:49,1.800e+00,1579527949.0752676
2020-01-20 13:45:59,1.800e+00,1579527959.1324964
2020-01-20 13:46:09,1.810e+00,1579527969.1926303
2020-01-20 13:46:19,1.820e+00,1579527979.2497895
2020-01-20 13:46:29,1.820e+00,1579527989.304348
2020-01-20 13:46:39,1.830e+00,1579527999.362681
2020-01-20 13:46:49,1.830e+00,1579528009.4189243
2020-01-20 13:46:59,1.840e+00,1579528019.4763565
2020-01-20 13:47:09,1.850e+00,1579528029.5347784
2020-01-20 13:47:19,1.850e+00,1579528039.5960453
2020-01-20 13:47:29,1.860e+00,1579528049.656248
2020-01-20 13:47:39,1.860e+00,1579528059.7149913
2020-01-20 13:47:49,1.870e+00,1579528069.7712185
2020-01-20 13:47:59,1.880e+00,1579528079.835951
2020-01-20 13:48:09,1.880e+00,1579528089.8940432
2020-01-20 13:48:19,1.890e+00,1579528099.9552162
2020-01-20 13:48:30,1.890e+00,1579528110.0161285
2020-01-20 13:48:40,1.900e+00,1579528120.0748084
2020-01-20 13:48:50,1.900e+00,1579528130.1358716
2020-01-20 13:49:00,1.910e+00,1579528140.1912909
2020-01-20 13:49:10,1.920e+00,1579528150.2557194
2020-01-20 13:49:20,1.920e+00,1579528160.3112335
2020-01-20 13:49:30,1.930e+00,1579528170.376918
2020-01-20 13:49:40,1.930e+00,1579528180.4355628
2020-01-20 13:49:50,1.940e+00,1579528190.4913568
2020-01-20 13:50:00,1.950e+00,1579528200.5559437
2020-01-20 13:50:10,1.950e+00,1579528210.6145308
2020-01-20 13:50:20,1.960e+00,1579528220.6755505
2020-01-20 13:50:30,1.960e+00,1579528230.7366421
2020-01-20 13:50:40,1.970e+00,1579528240.79137
2020-01-20 13:50:50,1.970e+00,1579528250.8555715
2020-01-20 13:51:00,1.980e+00,1579528260.9112632
2020-01-20 13:51:10,1.990e+00,1579528270.9754548
2020-01-20 13:51:21,1.990e+00,1579528281.0357733
2020-01-20 13:51:31,2.000e+00,1579528291.0911975
2020-01-20 13:51:41,2.000e+00,1579528301.15533
2020-01-20 13:51:51,2.010e+00,1579528311.2121344
2020-01-20 13:52:01,2.020e+00,1579528321.2762368
2020-01-20 13:52:11,2.020e+00,1579528331.3348327
2020-01-20 13:52:21,2.030e+00,1579528341.3957598
2020-01-20 13:52:31,2.030e+00,1579528351.457076
2020-01-20 13:52:41,2.040e+00,1579528361.515542
2020-01-20 13:52:51,2.050e+00,1579528371.5756733
2020-01-20 13:53:01,2.050e+00,1579528381.6366987
2020-01-20 13:53:11,2.060e+00,1579528391.6949823
2020-01-20 13:53:21,2.060e+00,1579528401.756274
2020-01-20 13:53:31,2.070e+00,1579528411.815919
2020-01-20 13:53:41,2.070e+00,1579528421.8747537
2020-01-20 13:53:51,2.080e+00,1579528431.936158
2020-01-20 13:54:01,2.090e+00,1579528441.9912384
2020-01-20 13:54:12,2.090e+00,1579528452.0547886
2020-01-20 13:54:22,2.100e+00,1579528462.1163666
2020-01-20 13:54:32,2.100e+00,1579528472.1761901
2020-01-20 13:54:42,2.110e+00,1579528482.2357862
2020-01-20 13:54:52,2.120e+00,1579528492.2912118
2020-01-20 13:55:02,2.120e+00,1579528502.3533964
2020-01-20 13:55:12,2.130e+00,1579528512.4121797
2020-01-20 13:55:22,2.130e+00,1579528522.4657915
2020-01-20 13:55:32,2.140e+00,1579528532.5230255
2020-01-20 13:55:42,2.140e+00,1579528542.5711792
2020-01-20 13:55:52,2.150e+00,1579528552.6376126
2020-01-20 13:56:02,2.160e+00,1579528562.6955717
2020-01-20 13:56:12,2.160e+00,1579528572.7519016
2020-01-20 13:56:22,2.170e+00,1579528582.800754
2020-01-20 13:56:32,2.170e+00,1579528592.8612258
2020-01-20 13:56:42,2.180e+00,1579528602.9218402
2020-01-20 13:56:52,2.190e+00,1579528612.981814
2020-01-20 13:57:03,2.190e+00,1579528623.0431669
2020-01-20 13:57:13,2.200e+00,1579528633.1022527
2020-01-20 13:57:23,2.200e+00,1579528643.1611958
2020-01-20 13:57:33,2.210e+00,1579528653.2225819
2020-01-20 13:57:43,2.210e+00,1579528663.2841134
2020-01-20 13:57:53,2.220e+00,1579528673.3428326
2020-01-20 13:58:03,2.230e+00,1579528683.4026754
2020-01-20 13:58:13,2.230e+00,1579528693.4627302
2020-01-20 13:58:23,2.240e+00,1579528703.5211792
2020-01-20 13:58:33,2.240e+00,1579528713.5824435
2020-01-20 13:58:43,2.250e+00,1579528723.6361167
2020-01-20 13:58:53,2.260e+00,1579528733.7024853
2020-01-20 13:59:03,2.260e+00,1579528743.763562
2020-01-20 13:59:13,2.270e+00,1579528753.8244243
2020-01-20 13:59:23,2.270e+00,1579528763.8829017
2020-01-20 13:59:33,2.280e+00,1579528773.9426198
2020-01-20 13:59:44,2.280e+00,1579528784.003889
2020-01-20 13:59:54,2.290e+00,1579528794.0627577
2020-01-20 14:00:04,2.300e+00,1579528804.1227543
2020-01-20 14:00:14,2.300e+00,1579528814.184043
2020-01-20 14:00:24,2.310e+00,1579528824.2426238
2020-01-20 14:00:34,2.310e+00,1579528834.3039467
2020-01-20 14:00:44,2.320e+00,1579528844.3637662
2020-01-20 14:00:54,2.330e+00,1579528854.422514
2020-01-20 14:01:04,2.330e+00,1579528864.483743
2020-01-20 14:01:14,2.340e+00,1579528874.5435998
2020-01-20 14:01:24,2.340e+00,1579528884.6024053
2020-01-20 14:01:34,2.350e+00,1579528894.66384
2020-01-20 14:01:44,2.350e+00,1579528904.723367
2020-01-20 14:01:54,2.360e+00,1579528914.7820141
2020-01-20 14:02:04,2.370e+00,1579528924.8432488
2020-01-20 14:02:14,2.370e+00,1579528934.9043658
2020-01-20 14:02:24,2.380e+00,1579528944.9628494
