2020-01-21 08:57:51	3.030e+02	1579597071.4598167
2020-01-21 08:58:01	3.030e+02	1579597081.5125997
2020-01-21 08:58:11	3.030e+02	1579597091.571918
2020-01-21 08:58:21	2.980e+02	1579597101.6282573
2020-01-21 08:58:31	2.750e+02	1579597111.6826112
2020-01-21 08:58:41	2.570e+02	1579597121.7432432
2020-01-21 08:58:51	2.410e+02	1579597131.792516
2020-01-21 08:59:01	2.260e+02	1579597141.8549142
2020-01-21 08:59:11	2.120e+02	1579597151.9120924
2020-01-21 08:59:21	1.990e+02	1579597161.9709396
2020-01-21 08:59:32	1.860e+02	1579597172.0271523
2020-01-21 08:59:42	1.750e+02	1579597182.0825546
2020-01-21 08:59:52	1.640e+02	1579597192.141452
2020-01-21 09:00:02	1.540e+02	1579597202.1972246
2020-01-21 09:00:12	1.450e+02	1579597212.2535763
2020-01-21 09:00:22	1.360e+02	1579597222.312608
2020-01-21 09:00:32	1.260e+02	1579597232.3728445
2020-01-21 09:00:42	1.200e+02	1579597242.433578
2020-01-21 09:00:52	1.140e+02	1579597252.4926653
2020-01-21 09:01:02	1.080e+02	1579597262.5525408
2020-01-21 09:01:12	1.030e+02	1579597272.6141078
2020-01-21 09:01:22	9.810e+01	1579597282.6725879
2020-01-21 09:01:32	9.330e+01	1579597292.7328992
2020-01-21 09:01:42	8.870e+01	1579597302.7936428
2020-01-21 09:01:52	8.450e+01	1579597312.8487017
2020-01-21 09:02:02	8.040e+01	1579597322.9131978
2020-01-21 09:02:12	7.660e+01	1579597332.9725325
2020-01-21 09:02:23	7.300e+01	1579597343.0336397
2020-01-21 09:02:33	6.960e+01	1579597353.0928235
2020-01-21 09:02:43	6.640e+01	1579597363.1541867
2020-01-21 09:02:53	6.340e+01	1579597373.2142832
2020-01-21 09:03:03	6.050e+01	1579597383.2724352
2020-01-21 09:03:13	5.780e+01	1579597393.3337069
2020-01-21 09:03:23	5.520e+01	1579597403.395113
2020-01-21 09:03:33	5.290e+01	1579597413.4536457
2020-01-21 09:03:43	5.060e+01	1579597423.513394
2020-01-21 09:03:53	4.840e+01	1579597433.5724225
2020-01-21 09:04:03	4.640e+01	1579597443.62685
2020-01-21 09:04:13	4.450e+01	1579597453.6942415
2020-01-21 09:04:23	4.270e+01	1579597463.7549036
2020-01-21 09:04:33	4.100e+01	1579597473.8137443
2020-01-21 09:04:43	3.930e+01	1579597483.8724542
2020-01-21 09:04:53	3.780e+01	1579597493.9339392
2020-01-21 09:05:03	3.640e+01	1579597503.993711
2020-01-21 09:05:14	3.500e+01	1579597514.053814
2020-01-21 09:05:24	3.370e+01	1579597524.1149895
2020-01-21 09:05:34	3.250e+01	1579597534.1724203
2020-01-21 09:05:44	3.130e+01	1579597544.2347257
2020-01-21 09:05:54	3.020e+01	1579597554.2952273
2020-01-21 09:06:04	2.920e+01	1579597564.353776
2020-01-21 09:06:14	2.820e+01	1579597574.413783
2020-01-21 09:06:24	2.730e+01	1579597584.4724317
2020-01-21 09:06:34	2.640e+01	1579597594.5339453
2020-01-21 09:06:44	2.550e+01	1579597604.5939233
2020-01-21 09:06:54	2.470e+01	1579597614.654966
2020-01-21 09:07:04	2.400e+01	1579597624.7137146
2020-01-21 09:07:14	2.320e+01	1579597634.7724116
2020-01-21 09:07:24	2.250e+01	1579597644.8350997
2020-01-21 09:07:34	2.190e+01	1579597654.8938994
2020-01-21 09:07:44	2.120e+01	1579597664.9548576
2020-01-21 09:07:55	2.070e+01	1579597675.014884
2020-01-21 09:08:05	2.010e+01	1579597685.0724216
2020-01-21 09:08:15	1.950e+01	1579597695.1309166
2020-01-21 09:08:25	1.900e+01	1579597705.190675
2020-01-21 09:08:35	1.850e+01	1579597715.244027
2020-01-21 09:08:45	1.800e+01	1579597725.3000703
2020-01-21 09:08:55	1.760e+01	1579597735.3524125
2020-01-21 09:09:05	1.710e+01	1579597745.4173698
2020-01-21 09:09:15	1.670e+01	1579597755.4749289
2020-01-21 09:09:25	1.630e+01	1579597765.5347552
2020-01-21 09:09:35	1.590e+01	1579597775.5881057
2020-01-21 09:09:45	1.560e+01	1579597785.64253
2020-01-21 09:09:55	1.520e+01	1579597795.70032
2020-01-21 09:10:05	1.490e+01	1579597805.7621465
2020-01-21 09:10:15	1.450e+01	1579597815.8197453
2020-01-21 09:10:25	1.420e+01	1579597825.8807554
2020-01-21 09:10:35	1.390e+01	1579597835.941807
2020-01-21 09:10:46	1.360e+01	1579597846.0012734
2020-01-21 09:10:56	1.290e+01	1579597856.0613832
2020-01-21 09:11:06	1.270e+01	1579597866.1194663
2020-01-21 09:11:16	1.240e+01	1579597876.1805654
2020-01-21 09:11:26	1.220e+01	1579597886.240534
2020-01-21 09:11:36	1.200e+01	1579597896.2995653
2020-01-21 09:11:46	1.180e+01	1579597906.3610153
2020-01-21 09:11:56	1.160e+01	1579597916.4213762
2020-01-21 09:12:06	1.140e+01	1579597926.4801855
2020-01-21 09:12:16	1.130e+01	1579597936.5410285
2020-01-21 09:12:26	1.110e+01	1579597946.601292
2020-01-21 09:12:36	1.090e+01	1579597956.6602504
2020-01-21 09:12:46	1.070e+01	1579597966.7203648
2020-01-21 09:12:56	1.060e+01	1579597976.7814581
2020-01-21 09:13:06	1.040e+01	1579597986.8403103
2020-01-21 09:13:16	1.020e+01	1579597996.90031
2020-01-21 09:13:26	1.010e+01	1579598006.9614074
2020-01-21 09:13:37	9.950e+00	1579598017.0203369
2020-01-21 09:13:47	9.810e+00	1579598027.07674
2020-01-21 09:13:57	9.670e+00	1579598037.1328287
2020-01-21 09:14:07	9.530e+00	1579598047.1906543
2020-01-21 09:14:17	9.390e+00	1579598057.246573
2020-01-21 09:14:27	9.260e+00	1579598067.302399
2020-01-21 09:14:37	9.140e+00	1579598077.3625166
2020-01-21 09:14:47	9.010e+00	1579598087.4244127
2020-01-21 09:14:57	8.890e+00	1579598097.4824684
2020-01-21 09:15:07	8.770e+00	1579598107.5424304
2020-01-21 09:15:17	8.650e+00	1579598117.6047428
2020-01-21 09:15:27	8.550e+00	1579598127.6658676
2020-01-21 09:15:37	8.430e+00	1579598137.724475
2020-01-21 09:15:47	8.320e+00	1579598147.7853763
2020-01-21 09:15:57	8.220e+00	1579598157.8424077
2020-01-21 09:16:07	8.120e+00	1579598167.9038835
2020-01-21 09:16:17	8.020e+00	1579598177.9651947
2020-01-21 09:16:28	7.920e+00	1579598188.025278
2020-01-21 09:16:38	7.830e+00	1579598198.084507
2020-01-21 09:16:48	7.730e+00	1579598208.145272
2020-01-21 09:16:58	7.640e+00	1579598218.2053847
2020-01-21 09:17:08	7.550e+00	1579598228.2640762
2020-01-21 09:17:18	7.470e+00	1579598238.3153818
2020-01-21 09:17:28	7.380e+00	1579598248.3809958
2020-01-21 09:17:38	7.290e+00	1579598258.4324205
2020-01-21 09:17:48	7.210e+00	1579598268.4952724
2020-01-21 09:17:58	7.130e+00	1579598278.5518262
2020-01-21 09:18:08	7.050e+00	1579598288.6080315
2020-01-21 09:18:18	6.980e+00	1579598298.6665492
2020-01-21 09:18:28	6.900e+00	1579598308.7224226
2020-01-21 09:18:38	6.830e+00	1579598318.7841156
2020-01-21 09:18:48	6.750e+00	1579598328.836537
2020-01-21 09:18:58	6.680e+00	1579598338.8940337
2020-01-21 09:19:08	6.610e+00	1579598348.9503176
2020-01-21 09:19:19	6.550e+00	1579598359.0023894
2020-01-21 09:19:29	6.480e+00	1579598369.0701382
2020-01-21 09:19:39	6.410e+00	1579598379.1277847
2020-01-21 09:19:49	6.350e+00	1579598389.1826177
2020-01-21 09:19:59	6.290e+00	1579598399.2401218
2020-01-21 09:20:09	6.220e+00	1579598409.2964463
2020-01-21 09:20:19	6.160e+00	1579598419.3474176
2020-01-21 09:20:29	6.100e+00	1579598429.4140375
2020-01-21 09:20:39	6.050e+00	1579598439.4741101
2020-01-21 09:20:49	5.990e+00	1579598449.5330203
2020-01-21 09:20:59	5.930e+00	1579598459.5924203
2020-01-21 09:21:09	5.880e+00	1579598469.650349
2020-01-21 09:21:19	5.820e+00	1579598479.7102718
2020-01-21 09:21:29	5.770e+00	1579598489.7639673
2020-01-21 09:21:39	5.720e+00	1579598499.8202388
2020-01-21 09:21:49	5.670e+00	1579598509.8772912
2020-01-21 09:21:59	5.620e+00	1579598519.9383843
2020-01-21 09:22:09	5.570e+00	1579598529.9985
2020-01-21 09:22:20	5.520e+00	1579598540.0577185
2020-01-21 09:22:30	5.470e+00	1579598550.1177166
2020-01-21 09:22:40	5.430e+00	1579598560.1789808
2020-01-21 09:22:50	5.380e+00	1579598570.2374413
2020-01-21 09:23:00	5.330e+00	1579598580.2984815
2020-01-21 09:23:10	5.290e+00	1579598590.3586218
2020-01-21 09:23:20	5.240e+00	1579598600.4140224
2020-01-21 09:23:30	5.200e+00	1579598610.472557
2020-01-21 09:23:40	5.160e+00	1579598620.532455
2020-01-21 09:23:50	5.120e+00	1579598630.5981681
2020-01-21 09:24:00	5.080e+00	1579598640.6582298
2020-01-21 09:24:10	5.030e+00	1579598650.7191415
2020-01-21 09:24:20	4.990e+00	1579598660.7777276
2020-01-21 09:24:30	4.950e+00	1579598670.8376234
2020-01-21 09:24:40	4.920e+00	1579598680.899133
2020-01-21 09:24:50	4.880e+00	1579598690.957972
2020-01-21 09:25:01	4.840e+00	1579598701.0179603
2020-01-21 09:25:11	4.800e+00	1579598711.0791984
2020-01-21 09:25:21	4.770e+00	1579598721.1376984
2020-01-21 09:25:31	4.730e+00	1579598731.1980162
2020-01-21 09:25:41	4.690e+00	1579598741.2524917
2020-01-21 09:25:51	4.660e+00	1579598751.3175201
2020-01-21 09:26:01	4.630e+00	1579598761.378562
2020-01-21 09:26:11	4.590e+00	1579598771.4348788
2020-01-21 09:26:21	4.560e+00	1579598781.492407
2020-01-21 09:26:31	4.520e+00	1579598791.5480478
2020-01-21 09:26:41	4.490e+00	1579598801.6047626
2020-01-21 09:26:51	4.460e+00	1579598811.6621044
2020-01-21 09:27:01	4.430e+00	1579598821.7210686
2020-01-21 09:27:11	4.400e+00	1579598831.7768972
2020-01-21 09:27:21	4.370e+00	1579598841.8373535
2020-01-21 09:27:31	4.340e+00	1579598851.890919
2020-01-21 09:27:41	4.310e+00	1579598861.9424477
2020-01-21 09:27:52	4.280e+00	1579598872.003398
2020-01-21 09:28:02	4.250e+00	1579598882.0624259
2020-01-21 09:28:12	4.220e+00	1579598892.1232722
2020-01-21 09:28:22	4.190e+00	1579598902.180963
2020-01-21 09:28:32	4.160e+00	1579598912.2324197
2020-01-21 09:28:42	4.140e+00	1579598922.2931762
2020-01-21 09:28:52	4.110e+00	1579598932.3495953
2020-01-21 09:29:02	4.080e+00	1579598942.4086387
2020-01-21 09:29:12	4.060e+00	1579598952.4679086
2020-01-21 09:29:22	4.030e+00	1579598962.52793
2020-01-21 09:29:32	4.000e+00	1579598972.589021
2020-01-21 09:29:42	3.980e+00	1579598982.6476433
2020-01-21 09:29:52	3.950e+00	1579598992.7075934
2020-01-21 09:30:02	3.930e+00	1579599002.7624834
2020-01-21 09:30:12	3.900e+00	1579599012.822433
2020-01-21 09:30:22	3.880e+00	1579599022.887905
2020-01-21 09:30:32	3.860e+00	1579599032.9491143
2020-01-21 09:30:43	3.830e+00	1579599043.007536
2020-01-21 09:30:53	3.810e+00	1579599053.067698
2020-01-21 09:31:03	3.790e+00	1579599063.1282456
2020-01-21 09:31:13	3.760e+00	1579599073.1871717
2020-01-21 09:31:23	3.740e+00	1579599083.2482355
2020-01-21 09:31:33	3.720e+00	1579599093.3080778
2020-01-21 09:31:43	3.700e+00	1579599103.3670409
2020-01-21 09:31:53	3.680e+00	1579599113.4224262
2020-01-21 09:32:03	3.650e+00	1579599123.4884
2020-01-21 09:32:13	3.630e+00	1579599133.547704
2020-01-21 09:32:23	3.610e+00	1579599143.6074898
2020-01-21 09:32:33	3.590e+00	1579599153.669075
2020-01-21 09:32:43	3.570e+00	1579599163.72239
2020-01-21 09:32:53	3.550e+00	1579599173.784899
2020-01-21 09:33:03	3.530e+00	1579599183.8445284
2020-01-21 09:33:13	3.510e+00	1579599193.8954837
2020-01-21 09:33:23	3.490e+00	1579599203.9546168
2020-01-21 09:33:34	3.470e+00	1579599214.0109417
2020-01-21 09:33:44	3.460e+00	1579599224.0712173
2020-01-21 09:33:54	3.440e+00	1579599234.1322448
2020-01-21 09:34:04	3.420e+00	1579599244.1906133
2020-01-21 09:34:14	3.400e+00	1579599254.2508793
2020-01-21 09:34:24	3.380e+00	1579599264.3121603
2020-01-21 09:34:34	3.360e+00	1579599274.371093
2020-01-21 09:34:44	3.350e+00	1579599284.4320962
2020-01-21 09:34:54	3.330e+00	1579599294.4881327
2020-01-21 09:35:04	3.310e+00	1579599304.5482583
2020-01-21 09:35:14	3.290e+00	1579599314.6019425
2020-01-21 09:35:24	3.280e+00	1579599324.6581268
2020-01-21 09:35:34	3.260e+00	1579599334.7154708
2020-01-21 09:35:44	3.250e+00	1579599344.7740717
2020-01-21 09:35:54	3.230e+00	1579599354.8306367
2020-01-21 09:36:04	3.210e+00	1579599364.8824134
2020-01-21 09:36:14	3.200e+00	1579599374.9438958
2020-01-21 09:36:25	3.180e+00	1579599385.0004349
2020-01-21 09:36:35	3.170e+00	1579599395.0575073
2020-01-21 09:36:45	3.150e+00	1579599405.1175292
2020-01-21 09:36:55	3.130e+00	1579599415.1724086
2020-01-21 09:37:05	3.120e+00	1579599425.2348206
2020-01-21 09:37:15	3.100e+00	1579599435.2901385
2020-01-21 09:37:25	3.090e+00	1579599445.3464146
2020-01-21 09:37:35	3.070e+00	1579599455.4026167
2020-01-21 09:37:45	3.060e+00	1579599465.4524007
2020-01-21 09:37:55	3.050e+00	1579599475.5124373
2020-01-21 09:38:05	3.030e+00	1579599485.5817082
2020-01-21 09:38:15	3.020e+00	1579599495.6415596
2020-01-21 09:38:25	3.000e+00	1579599505.70026
2020-01-21 09:38:35	2.990e+00	1579599515.752412
2020-01-21 09:38:45	2.980e+00	1579599525.8204403
2020-01-21 09:38:55	2.960e+00	1579599535.8804038
2020-01-21 09:39:05	2.950e+00	1579599545.937781
2020-01-21 09:39:15	2.940e+00	1579599555.9976752
2020-01-21 09:39:26	2.920e+00	1579599566.0423963
2020-01-21 09:39:36	2.910e+00	1579599576.107547
2020-01-21 09:39:46	2.900e+00	1579599586.164455
2020-01-21 09:39:56	2.890e+00	1579599596.2281861
2020-01-21 09:40:06	2.870e+00	1579599606.2858834
2020-01-21 09:40:16	2.860e+00	1579599616.3424847
2020-01-21 09:40:26	2.850e+00	1579599626.4041483
2020-01-21 09:40:36	2.840e+00	1579599636.4654844
2020-01-21 09:40:46	2.820e+00	1579599646.5241547
2020-01-21 09:40:56	2.810e+00	1579599656.5842793
2020-01-21 09:41:06	2.800e+00	1579599666.6454306
2020-01-21 09:41:16	2.790e+00	1579599676.7039802
2020-01-21 09:41:26	2.780e+00	1579599686.7623844
2020-01-21 09:41:36	2.770e+00	1579599696.8224316
2020-01-21 09:41:46	2.750e+00	1579599706.8837314
2020-01-21 09:41:56	2.740e+00	1579599716.9449744
2020-01-21 09:42:07	2.730e+00	1579599727.0048552
2020-01-21 09:42:17	2.720e+00	1579599737.0645475
2020-01-21 09:42:27	2.710e+00	1579599747.122554
2020-01-21 09:42:37	2.700e+00	1579599757.1854827
2020-01-21 09:42:47	2.690e+00	1579599767.244313
2020-01-21 09:42:57	2.680e+00	1579599777.3053217
2020-01-21 09:43:07	2.670e+00	1579599787.3652694
2020-01-21 09:43:17	2.660e+00	1579599797.4237874
2020-01-21 09:43:27	2.650e+00	1579599807.4852474
2020-01-21 09:43:37	2.640e+00	1579599817.5414858
2020-01-21 09:43:47	2.630e+00	1579599827.6015577
2020-01-21 09:43:57	2.620e+00	1579599837.6553483
2020-01-21 09:44:07	2.610e+00	1579599847.7117214
2020-01-21 09:44:17	2.600e+00	1579599857.7678547
2020-01-21 09:44:27	2.590e+00	1579599867.8268194
2020-01-21 09:44:37	2.580e+00	1579599877.8841474
2020-01-21 09:44:47	2.570e+00	1579599887.9404023
2020-01-21 09:44:57	2.560e+00	1579599897.997518
2020-01-21 09:45:08	2.550e+00	1579599908.054073
2020-01-21 09:45:18	2.540e+00	1579599918.1109207
2020-01-21 09:45:28	2.530e+00	1579599928.1714954
2020-01-21 09:45:38	2.520e+00	1579599938.2225065
2020-01-21 09:45:48	2.520e+00	1579599948.2885149
2020-01-21 09:45:58	2.510e+00	1579599958.3437164
2020-01-21 09:46:08	2.500e+00	1579599968.3924832
2020-01-21 09:46:18	2.490e+00	1579599978.4572487
2020-01-21 09:46:28	2.480e+00	1579599988.5156875
2020-01-21 09:46:38	2.470e+00	1579599998.573563
2020-01-21 09:46:48	2.460e+00	1579600008.634883
2020-01-21 09:46:58	2.450e+00	1579600018.6962621
2020-01-21 09:47:08	2.450e+00	1579600028.752483
2020-01-21 09:47:18	2.440e+00	1579600038.8148685
2020-01-21 09:47:28	2.430e+00	1579600048.8756378
2020-01-21 09:47:38	2.420e+00	1579600058.9347246
2020-01-21 09:47:48	2.410e+00	1579600068.9945045
2020-01-21 09:47:59	2.410e+00	1579600079.055924
2020-01-21 09:48:09	2.400e+00	1579600089.1146116
2020-01-21 09:48:19	2.390e+00	1579600099.172667
2020-01-21 09:48:29	2.380e+00	1579600109.2353263
2020-01-21 09:48:39	2.380e+00	1579600119.2925367
2020-01-21 09:48:49	2.370e+00	1579600129.3548043
2020-01-21 09:48:59	2.360e+00	1579600139.4161623
2020-01-21 09:49:09	2.350e+00	1579600149.4749846
2020-01-21 09:49:19	2.340e+00	1579600159.5348344
2020-01-21 09:49:29	2.340e+00	1579600169.595896
2020-01-21 09:49:39	2.330e+00	1579600179.6546848
2020-01-21 09:49:49	2.320e+00	1579600189.714671
2020-01-21 09:49:59	2.320e+00	1579600199.776161
2020-01-21 09:50:09	2.310e+00	1579600209.8346725
2020-01-21 09:50:19	2.300e+00	1579600219.8946586
2020-01-21 09:50:29	2.290e+00	1579600229.955759
2020-01-21 09:50:40	2.290e+00	1579600240.0124705
2020-01-21 09:50:50	2.280e+00	1579600250.0715652
2020-01-21 09:51:00	2.270e+00	1579600260.1354525
2020-01-21 09:51:10	2.270e+00	1579600270.1938653
2020-01-21 09:51:20	2.260e+00	1579600280.253705
2020-01-21 09:51:30	2.250e+00	1579600290.31224
2020-01-21 09:51:40	2.250e+00	1579600300.3659863
2020-01-21 09:51:50	2.240e+00	1579600310.4231234
2020-01-21 09:52:00	2.230e+00	1579600320.47241
2020-01-21 09:52:10	2.230e+00	1579600330.5391555
2020-01-21 09:52:20	2.220e+00	1579600340.5956066
2020-01-21 09:52:30	2.220e+00	1579600350.6553714
2020-01-21 09:52:40	2.210e+00	1579600360.708932
2020-01-21 09:52:50	2.200e+00	1579600370.7624
2020-01-21 09:53:00	2.200e+00	1579600380.8215442
2020-01-21 09:53:10	2.190e+00	1579600390.8801317
2020-01-21 09:53:20	2.180e+00	1579600400.9324176
2020-01-21 09:53:30	2.180e+00	1579600410.9938385
2020-01-21 09:53:41	2.170e+00	1579600421.042397
2020-01-21 09:53:51	2.170e+00	1579600431.1071463
2020-01-21 09:54:01	2.160e+00	1579600441.1666126
2020-01-21 09:54:11	2.160e+00	1579600451.224417
2020-01-21 09:54:21	2.150e+00	1579600461.2855625
2020-01-21 09:54:31	2.140e+00	1579600471.342392
2020-01-21 09:54:41	2.140e+00	1579600481.4054368
2020-01-21 09:54:51	2.130e+00	1579600491.465416
2020-01-21 09:55:01	2.130e+00	1579600501.5263176
2020-01-21 09:55:11	2.120e+00	1579600511.5852
2020-01-21 09:55:21	2.120e+00	1579600521.6424093
2020-01-21 09:55:31	2.110e+00	1579600531.7068608
2020-01-21 09:55:41	2.110e+00	1579600541.7624216
2020-01-21 09:55:51	2.100e+00	1579600551.8254313
2020-01-21 09:56:01	2.100e+00	1579600561.8865445
2020-01-21 09:56:11	2.090e+00	1579600571.9424553
2020-01-21 09:56:22	2.080e+00	1579600582.0051582
2020-01-21 09:56:32	2.080e+00	1579600592.0662677
2020-01-21 09:56:42	2.070e+00	1579600602.1253104
2020-01-21 09:56:52	2.070e+00	1579600612.1813803
2020-01-21 09:57:02	2.060e+00	1579600622.2424462
2020-01-21 09:57:12	2.060e+00	1579600632.3051846
2020-01-21 09:57:22	2.050e+00	1579600642.3660002
2020-01-21 09:57:32	2.050e+00	1579600652.4263058
2020-01-21 09:57:42	2.040e+00	1579600662.484936
2020-01-21 09:57:52	2.040e+00	1579600672.542564
2020-01-21 09:58:02	2.040e+00	1579600682.6070223
2020-01-21 09:58:12	2.030e+00	1579600692.6645083
2020-01-21 09:58:22	2.030e+00	1579600702.7257035
2020-01-21 09:58:32	2.020e+00	1579600712.786857
2020-01-21 09:58:42	2.020e+00	1579600722.8425717
2020-01-21 09:58:52	2.010e+00	1579600732.9061038
2020-01-21 09:59:02	2.010e+00	1579600742.9665525
2020-01-21 09:59:13	2.000e+00	1579600753.0250497
2020-01-21 09:59:23	2.000e+00	1579600763.0861204
2020-01-21 09:59:33	1.990e+00	1579600773.1425557
2020-01-21 09:59:43	1.990e+00	1579600783.2056103
2020-01-21 09:59:53	1.980e+00	1579600793.2658792
2020-01-21 10:00:03	1.980e+00	1579600803.3266442
2020-01-21 10:00:13	1.980e+00	1579600813.3854904
2020-01-21 10:00:23	1.970e+00	1579600823.4425087
2020-01-21 10:00:33	1.970e+00	1579600833.5066886
2020-01-21 10:00:43	1.960e+00	1579600843.5658119
2020-01-21 10:00:53	1.960e+00	1579600853.6256015
2020-01-21 10:01:03	1.950e+00	1579600863.6859784
2020-01-21 10:01:13	1.950e+00	1579600873.742514
2020-01-21 10:01:23	1.950e+00	1579600883.8059356
2020-01-21 10:01:33	1.940e+00	1579600893.8669612
2020-01-21 10:01:43	1.940e+00	1579600903.9254515
2020-01-21 10:01:53	1.930e+00	1579600913.9857328
2020-01-21 10:02:04	1.930e+00	1579600924.0425122
2020-01-21 10:02:14	1.930e+00	1579600934.1028426
2020-01-21 10:02:24	1.920e+00	1579600944.1565042
2020-01-21 10:02:34	1.920e+00	1579600954.2126222
2020-01-21 10:02:44	1.910e+00	1579600964.269344
2020-01-21 10:02:54	1.910e+00	1579600974.3266082
2020-01-21 10:03:04	1.910e+00	1579600984.3861907
2020-01-21 10:03:14	1.900e+00	1579600994.4414787
2020-01-21 10:03:24	1.900e+00	1579601004.4988549
2020-01-21 10:03:34	1.900e+00	1579601014.5551503
2020-01-21 10:03:44	1.890e+00	1579601024.6117902
2020-01-21 10:03:54	1.890e+00	1579601034.6725817
2020-01-21 10:04:04	1.880e+00	1579601044.7312686
2020-01-21 10:04:14	1.880e+00	1579601054.7891054
2020-01-21 10:04:24	1.880e+00	1579601064.8437312
2020-01-21 10:04:34	1.870e+00	1579601074.9010565
2020-01-21 10:04:44	1.870e+00	1579601084.9575393
2020-01-21 10:04:55	1.870e+00	1579601095.0124216
2020-01-21 10:05:05	1.860e+00	1579601105.0746958
2020-01-21 10:05:15	1.860e+00	1579601115.1360226
2020-01-21 10:05:25	1.860e+00	1579601125.1968563
2020-01-21 10:05:35	1.850e+00	1579601135.255462
2020-01-21 10:05:45	1.850e+00	1579601145.312397
2020-01-21 10:05:55	1.850e+00	1579601155.376535
2020-01-21 10:06:05	1.840e+00	1579601165.4353209
2020-01-21 10:06:15	1.840e+00	1579601175.495245
2020-01-21 10:06:25	1.840e+00	1579601185.5568852
2020-01-21 10:06:35	1.830e+00	1579601195.6124055
2020-01-21 10:06:45	1.830e+00	1579601205.6762228
2020-01-21 10:06:55	1.830e+00	1579601215.7363334
2020-01-21 10:07:05	1.820e+00	1579601225.7950242
2020-01-21 10:07:15	1.820e+00	1579601235.856123
2020-01-21 10:07:25	1.820e+00	1579601245.9124157
2020-01-21 10:07:35	1.810e+00	1579601255.9747803
2020-01-21 10:07:46	1.810e+00	1579601266.0358713
2020-01-21 10:07:56	1.810e+00	1579601276.0969625
2020-01-21 10:08:06	1.800e+00	1579601286.1557665
2020-01-21 10:08:16	1.800e+00	1579601296.212424
2020-01-21 10:08:26	1.800e+00	1579601306.262473
2020-01-21 10:08:36	1.790e+00	1579601316.3224196
2020-01-21 10:08:46	1.790e+00	1579601326.3842313
2020-01-21 10:08:56	1.790e+00	1579601336.4404943
2020-01-21 10:09:06	1.790e+00	1579601346.4925203
2020-01-21 10:09:16	1.780e+00	1579601356.5601068
2020-01-21 10:09:26	1.780e+00	1579601366.6188865
2020-01-21 10:09:36	1.780e+00	1579601376.6795394
2020-01-21 10:09:46	1.770e+00	1579601386.7397947
2020-01-21 10:09:56	1.770e+00	1579601396.7926648
2020-01-21 10:10:06	1.770e+00	1579601406.8596618
2020-01-21 10:10:16	1.770e+00	1579601416.91997
2020-01-21 10:10:26	1.760e+00	1579601426.9783754
2020-01-21 10:10:37	1.760e+00	1579601437.0395243
2020-01-21 10:10:47	1.760e+00	1579601447.0926638
2020-01-21 10:10:57	1.760e+00	1579601457.155757
2020-01-21 10:11:07	1.750e+00	1579601467.20945
2020-01-21 10:11:17	1.750e+00	1579601477.262399
2020-01-21 10:11:27	1.750e+00	1579601487.3230336
2020-01-21 10:11:37	1.740e+00	1579601497.3725555
2020-01-21 10:11:47	1.740e+00	1579601507.43864
2020-01-21 10:11:57	1.740e+00	1579601517.4924285
2020-01-21 10:12:07	1.740e+00	1579601527.5511203
2020-01-21 10:12:17	1.730e+00	1579601537.608657
2020-01-21 10:12:27	1.730e+00	1579601547.6624196
2020-01-21 10:12:37	1.730e+00	1579601557.7260857
2020-01-21 10:12:47	1.730e+00	1579601567.7863317
2020-01-21 10:12:57	1.720e+00	1579601577.847403
2020-01-21 10:13:07	1.720e+00	1579601587.9061847
2020-01-21 10:13:17	1.720e+00	1579601597.9625368
2020-01-21 10:13:28	1.720e+00	1579601608.022434
2020-01-21 10:13:38	1.700e+00	1579601618.0857642
2020-01-21 10:13:48	1.670e+00	1579601628.146874
2020-01-21 10:13:58	1.600e+00	1579601638.2070694
2020-01-21 10:14:08	1.500e+00	1579601648.262483
2020-01-21 10:14:18	1.380e+00	1579601658.3269851
2020-01-21 10:14:28	1.220e+00	1579601668.3877144
2020-01-21 10:14:38	1.070e+00	1579601678.4455774
2020-01-21 10:14:48	9.200e-01	1579601688.5065358
2020-01-21 10:14:58	7.660e-01	1579601698.5625358
2020-01-21 10:15:08	6.190e-01	1579601708.6264668
2020-01-21 10:15:18	4.820e-01	1579601718.6865337
2020-01-21 10:15:28	3.600e-01	1579601728.7475042
2020-01-21 10:15:38	2.550e-01	1579601738.806292
2020-01-21 10:15:48	1.710e-01	1579601748.862467
2020-01-21 10:15:58	1.060e-01	1579601758.9276848
2020-01-21 10:16:08	5.930e-02	1579601768.9865596
2020-01-21 10:16:19	3.070e-02	1579601779.0466685
2020-01-21 10:16:29	1.670e-02	1579601789.1078954
2020-01-21 10:16:39	1.110e-02	1579601799.1662996
2020-01-21 10:16:49	8.770e-03	1579601809.2266371
2020-01-21 10:16:59	7.590e-03	1579601819.2877622
2020-01-21 10:17:09	6.900e-03	1579601829.3464596
2020-01-21 10:17:19	6.470e-03	1579601839.4064493
2020-01-21 10:17:29	6.180e-03	1579601849.4678218
2020-01-21 10:17:39	5.940e-03	1579601859.5225098
2020-01-21 10:17:49	5.750e-03	1579601869.5866196
2020-01-21 10:17:59	5.590e-03	1579601879.6480856
2020-01-21 10:18:09	5.450e-03	1579601889.7067382
2020-01-21 10:18:19	5.330e-03	1579601899.7673447
2020-01-21 10:18:29	5.220e-03	1579601909.8279598
2020-01-21 10:18:39	5.130e-03	1579601919.8864667
2020-01-21 10:18:49	5.030e-03	1579601929.9472349
2020-01-21 10:19:00	4.950e-03	1579601940.0081205
2020-01-21 10:19:10	4.890e-03	1579601950.0666394
2020-01-21 10:19:20	4.810e-03	1579601960.122608
2020-01-21 10:19:30	4.750e-03	1579601970.1883607
2020-01-21 10:19:40	4.700e-03	1579601980.247126
2020-01-21 10:19:50	4.640e-03	1579601990.3073003
2020-01-21 10:20:00	4.600e-03	1579602000.3627107
2020-01-21 10:20:10	4.550e-03	1579602010.427015
2020-01-21 10:20:20	4.510e-03	1579602020.4870772
2020-01-21 10:20:30	4.470e-03	1579602030.543864
2020-01-21 10:20:40	4.420e-03	1579602040.6039038
2020-01-21 10:20:50	4.390e-03	1579602050.6574357
2020-01-21 10:21:00	4.350e-03	1579602060.7149389
2020-01-21 10:21:10	4.330e-03	1579602070.7709732
2020-01-21 10:21:20	4.290e-03	1579602080.8295438
2020-01-21 10:21:30	4.270e-03	1579602090.8865323
2020-01-21 10:21:40	4.240e-03	1579602100.9468577
2020-01-21 10:21:50	4.210e-03	1579602110.9996948
2020-01-21 10:22:01	4.190e-03	1579602121.0568202
2020-01-21 10:22:11	4.160e-03	1579602131.1052518
2020-01-21 10:22:21	4.130e-03	1579602141.1740994
2020-01-21 10:22:31	4.120e-03	1579602151.2326398
2020-01-21 10:22:41	4.100e-03	1579602161.290478
2020-01-21 10:22:51	4.070e-03	1579602171.3454883
2020-01-21 10:23:01	4.050e-03	1579602181.4025667
2020-01-21 10:23:11	4.040e-03	1579602191.459166
2020-01-21 10:23:21	4.010e-03	1579602201.5064042
2020-01-21 10:23:31	4.000e-03	1579602211.5763152
2020-01-21 10:23:41	3.990e-03	1579602221.637486
2020-01-21 10:23:51	3.960e-03	1579602231.6925201
2020-01-21 10:24:01	3.950e-03	1579602241.7561235
2020-01-21 10:24:11	3.940e-03	1579602251.8168745
2020-01-21 10:24:21	3.930e-03	1579602261.875524
2020-01-21 10:24:31	3.920e-03	1579602271.9367988
2020-01-21 10:24:41	3.910e-03	1579602281.99684
2020-01-21 10:24:52	3.880e-03	1579602292.0553632
2020-01-21 10:25:02	3.870e-03	1579602302.1164334
2020-01-21 10:25:12	3.870e-03	1579602312.173822
2020-01-21 10:25:22	3.850e-03	1579602322.2324922
2020-01-21 10:25:32	3.840e-03	1579602332.2863674
2020-01-21 10:25:42	3.830e-03	1579602342.3432736
2020-01-21 10:25:52	3.810e-03	1579602352.3993607
2020-01-21 10:26:02	3.810e-03	1579602362.460505
2020-01-21 10:26:12	3.800e-03	1579602372.5124702
2020-01-21 10:26:22	3.790e-03	1579602382.5802007
2020-01-21 10:26:32	3.780e-03	1579602392.6324346
2020-01-21 10:26:42	3.760e-03	1579602402.7009969
2020-01-21 10:26:52	3.760e-03	1579602412.7594478
2020-01-21 10:27:02	3.750e-03	1579602422.8123925
2020-01-21 10:27:12	3.740e-03	1579602432.880613
2020-01-21 10:27:22	3.730e-03	1579602442.939568
2020-01-21 10:27:33	3.720e-03	1579602453.0005412
2020-01-21 10:27:43	3.710e-03	1579602463.0606964
2020-01-21 10:27:53	3.720e-03	1579602473.112402
2020-01-21 10:28:03	3.690e-03	1579602483.1806087
2020-01-21 10:28:13	3.680e-03	1579602493.2411125
2020-01-21 10:28:23	3.690e-03	1579602503.299721
2020-01-21 10:28:33	3.680e-03	1579602513.3607273
2020-01-21 10:28:43	3.680e-03	1579602523.412581
2020-01-21 10:28:53	3.670e-03	1579602533.4801083
2020-01-21 10:29:03	3.660e-03	1579602543.5412025
2020-01-21 10:29:13	3.650e-03	1579602553.5969222
2020-01-21 10:29:23	3.650e-03	1579602563.6560128
2020-01-21 10:29:33	3.640e-03	1579602573.702592
2020-01-21 10:29:43	3.640e-03	1579602583.7674673
2020-01-21 10:29:53	3.640e-03	1579602593.823982
2020-01-21 10:30:03	3.620e-03	1579602603.8824353
2020-01-21 10:30:13	3.620e-03	1579602613.9392557
2020-01-21 10:30:23	3.620e-03	1579602623.9925642
2020-01-21 10:30:34	3.610e-03	1579602634.0527024
2020-01-21 10:30:44	3.610e-03	1579602644.1100252
2020-01-21 10:30:54	3.600e-03	1579602654.1657634
2020-01-21 10:31:04	3.590e-03	1579602664.2269738
2020-01-21 10:31:14	3.590e-03	1579602674.2825077
2020-01-21 10:31:24	3.590e-03	1579602684.3430433
2020-01-21 10:31:34	3.580e-03	1579602694.39922
2020-01-21 10:31:44	3.570e-03	1579602704.4554718
2020-01-21 10:31:54	3.570e-03	1579602714.5121307
2020-01-21 10:32:04	3.580e-03	1579602724.562596
2020-01-21 10:32:14	3.560e-03	1579602734.629057
2020-01-21 10:32:24	3.550e-03	1579602744.690565
2020-01-21 10:32:34	3.560e-03	1579602754.7512093
2020-01-21 10:32:44	3.550e-03	1579602764.8090487
2020-01-21 10:32:54	3.550e-03	1579602774.8626237
2020-01-21 10:33:04	3.540e-03	1579602784.9288456
2020-01-21 10:33:14	3.530e-03	1579602794.990248
2020-01-21 10:33:25	3.520e-03	1579602805.049881
2020-01-21 10:33:35	3.530e-03	1579602815.1110394
2020-01-21 10:33:45	3.520e-03	1579602825.162472
2020-01-21 10:33:55	3.510e-03	1579602835.2271426
2020-01-21 10:34:05	3.510e-03	1579602845.2858338
2020-01-21 10:34:15	3.510e-03	1579602855.3393188
2020-01-21 10:34:25	3.510e-03	1579602865.395848
2020-01-21 10:34:35	3.510e-03	1579602875.4524024
2020-01-21 10:34:45	3.500e-03	1579602885.5138333
2020-01-21 10:34:55	3.500e-03	1579602895.5750556
2020-01-21 10:35:05	3.500e-03	1579602905.6335037
2020-01-21 10:35:15	3.490e-03	1579602915.6936688
2020-01-21 10:35:25	3.490e-03	1579602925.7523897
2020-01-21 10:35:35	3.490e-03	1579602935.8124282
2020-01-21 10:35:45	3.480e-03	1579602945.8738103
2020-01-21 10:35:55	3.470e-03	1579602955.9348874
2020-01-21 10:36:05	3.480e-03	1579602965.9935582
2020-01-21 10:36:16	3.470e-03	1579602976.0523896
2020-01-21 10:36:26	3.470e-03	1579602986.114469
2020-01-21 10:36:36	3.470e-03	1579602996.1736295
2020-01-21 10:36:46	3.460e-03	1579603006.2337031
2020-01-21 10:36:56	3.470e-03	1579603016.2947383
2020-01-21 10:37:06	3.460e-03	1579603026.3524063
2020-01-21 10:37:16	3.450e-03	1579603036.4135807
2020-01-21 10:37:26	3.450e-03	1579603046.4747903
2020-01-21 10:37:36	3.450e-03	1579603056.5328932
2020-01-21 10:37:46	3.450e-03	1579603066.594328
2020-01-21 10:37:56	3.440e-03	1579603076.6423974
2020-01-21 10:38:06	3.450e-03	1579603086.710287
2020-01-21 10:38:16	3.430e-03	1579603096.7640264
2020-01-21 10:38:26	3.430e-03	1579603106.820086
2020-01-21 10:38:36	3.440e-03	1579603116.8777945
2020-01-21 10:38:46	3.430e-03	1579603126.9325466
2020-01-21 10:38:56	3.430e-03	1579603136.993068
2020-01-21 10:39:07	3.430e-03	1579603147.04913
2020-01-21 10:39:17	3.420e-03	1579603157.1065059
2020-01-21 10:39:27	3.420e-03	1579603167.1628869
2020-01-21 10:39:37	3.420e-03	1579603177.2202096
2020-01-21 10:39:47	3.410e-03	1579603187.280191
2020-01-21 10:39:57	3.410e-03	1579603197.3450568
2020-01-21 10:40:07	3.420e-03	1579603207.4022782
2020-01-21 10:40:17	3.410e-03	1579603217.4608521
2020-01-21 10:40:27	3.410e-03	1579603227.519685
2020-01-21 10:40:37	3.410e-03	1579603237.5774345
2020-01-21 10:40:47	3.400e-03	1579603247.6328828
2020-01-21 10:40:57	3.400e-03	1579603257.68899
2020-01-21 10:41:07	3.400e-03	1579603267.7452261
2020-01-21 10:41:17	3.400e-03	1579603277.80249
2020-01-21 10:41:27	3.400e-03	1579603287.8637881
2020-01-21 10:41:37	3.390e-03	1579603297.92379
2020-01-21 10:41:47	3.400e-03	1579603307.9847708
2020-01-21 10:41:58	3.400e-03	1579603318.0438209
2020-01-21 10:42:08	3.400e-03	1579603328.102576
2020-01-21 10:42:18	3.400e-03	1579603338.1644642
2020-01-21 10:42:28	3.390e-03	1579603348.223279
2020-01-21 10:42:38	3.380e-03	1579603358.283672
2020-01-21 10:42:48	3.390e-03	1579603368.3448253
2020-01-21 10:42:58	3.390e-03	1579603378.4037676
2020-01-21 10:43:08	3.390e-03	1579603388.463836
2020-01-21 10:43:18	3.380e-03	1579603398.524837
2020-01-21 10:43:28	3.370e-03	1579603408.583623
2020-01-21 10:43:38	3.380e-03	1579603418.6434948
2020-01-21 10:43:48	3.390e-03	1579603428.7048814
2020-01-21 10:43:58	3.380e-03	1579603438.7624116
2020-01-21 10:44:08	3.370e-03	1579603448.8237762
2020-01-21 10:44:18	3.380e-03	1579603458.8849049
2020-01-21 10:44:28	3.370e-03	1579603468.9424162
2020-01-21 10:44:39	3.370e-03	1579603479.0025437
2020-01-21 10:44:49	3.380e-03	1579603489.0553157
2020-01-21 10:44:59	3.370e-03	1579603499.1238317
2020-01-21 10:45:09	3.370e-03	1579603509.1837814
2020-01-21 10:45:19	3.360e-03	1579603519.2447264
2020-01-21 10:45:29	3.370e-03	1579603529.302531
2020-01-21 10:45:39	3.360e-03	1579603539.3612309
2020-01-21 10:45:49	3.350e-03	1579603549.4209454
2020-01-21 10:45:59	3.360e-03	1579603559.47331
2020-01-21 10:46:09	3.360e-03	1579603569.5297482
2020-01-21 10:46:19	3.340e-03	1579603579.5873773
2020-01-21 10:46:29	3.360e-03	1579603589.6485596
2020-01-21 10:46:39	3.350e-03	1579603599.7042327
2020-01-21 10:46:49	3.350e-03	1579603609.764083
2020-01-21 10:46:59	3.360e-03	1579603619.8179703
2020-01-21 10:47:09	3.350e-03	1579603629.8743753
2020-01-21 10:47:19	3.340e-03	1579603639.9307659
2020-01-21 10:47:29	3.350e-03	1579603649.9896069
2020-01-21 10:47:40	3.350e-03	1579603660.0466511
2020-01-21 10:47:50	3.340e-03	1579603670.1027796
2020-01-21 10:48:00	3.350e-03	1579603680.1602137
2020-01-21 10:48:10	3.350e-03	1579603690.2169895
2020-01-21 10:48:20	3.340e-03	1579603700.2756507
2020-01-21 10:48:30	3.350e-03	1579603710.3342605
2020-01-21 10:48:40	3.340e-03	1579603720.393984
2020-01-21 10:48:50	3.330e-03	1579603730.4549816
2020-01-21 10:49:00	3.340e-03	1579603740.513675
2020-01-21 10:49:10	3.330e-03	1579603750.5746245
2020-01-21 10:49:20	3.340e-03	1579603760.635267
2020-01-21 10:49:30	3.340e-03	1579603770.6942348
2020-01-21 10:49:40	3.330e-03	1579603780.754298
2020-01-21 10:49:50	3.330e-03	1579603790.815835
2020-01-21 10:50:00	3.330e-03	1579603800.872444
2020-01-21 10:50:10	3.320e-03	1579603810.9346337
2020-01-21 10:50:20	3.320e-03	1579603820.995752
2020-01-21 10:50:31	3.330e-03	1579603831.052428
2020-01-21 10:50:41	3.320e-03	1579603841.1148646
2020-01-21 10:50:51	3.310e-03	1579603851.1755955
2020-01-21 10:51:01	3.320e-03	1579603861.2282624
2020-01-21 10:51:11	3.310e-03	1579603871.2943318
2020-01-21 10:51:21	3.310e-03	1579603881.3494563
2020-01-21 10:51:31	3.320e-03	1579603891.4152918
2020-01-21 10:51:41	3.320e-03	1579603901.4753182
2020-01-21 10:51:51	3.320e-03	1579603911.53518
2020-01-21 10:52:01	3.320e-03	1579603921.593761
2020-01-21 10:52:11	3.310e-03	1579603931.6555452
2020-01-21 10:52:21	3.310e-03	1579603941.7198367
2020-01-21 10:52:31	3.320e-03	1579603951.776163
2020-01-21 10:52:41	3.310e-03	1579603961.8362002
2020-01-21 10:52:51	3.310e-03	1579603971.895338
2020-01-21 10:53:01	3.320e-03	1579603981.9524534
2020-01-21 10:53:12	3.310e-03	1579603992.015494
2020-01-21 10:53:22	3.300e-03	1579604002.0762742
2020-01-21 10:53:32	3.310e-03	1579604012.1339889
2020-01-21 10:53:42	3.310e-03	1579604022.1950843
2020-01-21 10:53:52	3.300e-03	1579604032.2558446
2020-01-21 10:54:02	3.310e-03	1579604042.3144827
2020-01-21 10:54:12	3.310e-03	1579604052.374628
2020-01-21 10:54:22	3.310e-03	1579604062.4359586
2020-01-21 10:54:32	3.300e-03	1579604072.4945297
2020-01-21 10:54:42	3.300e-03	1579604082.5546668
2020-01-21 10:54:52	3.300e-03	1579604092.6124437
2020-01-21 10:55:02	3.280e-03	1579604102.674123
2020-01-21 10:55:12	3.300e-03	1579604112.735179
2020-01-21 10:55:22	3.300e-03	1579604122.795994
2020-01-21 10:55:32	3.290e-03	1579604132.8546963
2020-01-21 10:55:42	3.300e-03	1579604142.9147491
2020-01-21 10:55:52	3.290e-03	1579604152.976192
2020-01-21 10:56:03	3.280e-03	1579604163.0322225
2020-01-21 10:56:13	3.290e-03	1579604173.0952442
2020-01-21 10:56:23	3.290e-03	1579604183.1524365
2020-01-21 10:56:33	3.280e-03	1579604193.211067
2020-01-21 10:56:43	3.280e-03	1579604203.2657185
2020-01-21 10:56:53	3.290e-03	1579604213.322379
2020-01-21 10:57:03	3.290e-03	1579604223.3784091
2020-01-21 10:57:13	3.290e-03	1579604233.4281828
2020-01-21 10:57:23	3.290e-03	1579604243.4942503
2020-01-21 10:57:33	3.280e-03	1579604253.547232
2020-01-21 10:57:43	3.290e-03	1579604263.6024601
2020-01-21 10:57:53	3.290e-03	1579604273.6643295
2020-01-21 10:58:03	3.280e-03	1579604283.7205033
2020-01-21 10:58:13	3.290e-03	1579604293.7797787
2020-01-21 10:58:23	3.280e-03	1579604303.83933
2020-01-21 10:58:33	3.280e-03	1579604313.8920739
2020-01-21 10:58:43	3.280e-03	1579604323.9467576
2020-01-21 10:58:54	3.280e-03	1579604334.0042703
2020-01-21 10:59:04	3.270e-03	1579604344.064353
2020-01-21 10:59:14	3.260e-03	1579604354.1256416
2020-01-21 10:59:24	3.270e-03	1579604364.1838648
2020-01-21 10:59:34	3.270e-03	1579604374.2424154
2020-01-21 10:59:44	3.260e-03	1579604384.3010428
2020-01-21 10:59:54	3.260e-03	1579604394.3558931
2020-01-21 11:00:04	3.280e-03	1579604404.4125183
2020-01-21 11:00:14	3.260e-03	1579604414.4624577
2020-01-21 11:00:24	3.260e-03	1579604424.5278418
2020-01-21 11:00:34	3.270e-03	1579604434.5893335
2020-01-21 11:00:44	3.260e-03	1579604444.6473966
2020-01-21 11:00:54	3.260e-03	1579604454.7081828
2020-01-21 11:01:04	3.270e-03	1579604464.7696152
2020-01-21 11:01:14	3.270e-03	1579604474.8224213
2020-01-21 11:01:24	3.270e-03	1579604484.8880424
2020-01-21 11:01:34	3.280e-03	1579604494.9504948
2020-01-21 11:01:45	3.260e-03	1579604505.0082057
2020-01-21 11:01:55	3.270e-03	1579604515.068713
2020-01-21 11:02:05	3.270e-03	1579604525.1225264
2020-01-21 11:02:15	3.260e-03	1579604535.1872182
2020-01-21 11:02:25	3.270e-03	1579604545.2424757
2020-01-21 11:02:35	3.270e-03	1579604555.3024411
2020-01-21 11:02:45	3.260e-03	1579604565.3679965
2020-01-21 11:02:55	3.270e-03	1579604575.4279678
2020-01-21 11:03:05	3.270e-03	1579604585.4824657
2020-01-21 11:03:15	3.250e-03	1579604595.5479696
2020-01-21 11:03:25	3.260e-03	1579604605.608852
2020-01-21 11:03:35	3.260e-03	1579604615.6686306
2020-01-21 11:03:45	3.260e-03	1579604625.727536
2020-01-21 11:03:55	3.250e-03	1579604635.7824073
2020-01-21 11:04:05	3.250e-03	1579604645.848732
2020-01-21 11:04:15	3.260e-03	1579604655.90753
2020-01-21 11:04:25	3.250e-03	1579604665.9635198
2020-01-21 11:04:36	3.250e-03	1579604676.021176
2020-01-21 11:04:46	3.250e-03	1579604686.0726182
2020-01-21 11:04:56	3.240e-03	1579604696.1347582
2020-01-21 11:05:06	3.250e-03	1579604706.19093
2020-01-21 11:05:16	3.250e-03	1579604716.2481859
2020-01-21 11:05:26	3.260e-03	1579604726.3044722
2020-01-21 11:05:36	3.250e-03	1579604736.3524961
2020-01-21 11:05:46	3.260e-03	1579604746.4176147
2020-01-21 11:05:56	3.250e-03	1579604756.4749331
2020-01-21 11:06:06	3.250e-03	1579604766.5313997
2020-01-21 11:06:16	3.260e-03	1579604776.59181
2020-01-21 11:06:26	3.250e-03	1579604786.6425943
2020-01-21 11:06:36	3.250e-03	1579604796.7017317
2020-01-21 11:06:46	3.260e-03	1579604806.757694
2020-01-21 11:06:56	3.240e-03	1579604816.8191106
2020-01-21 11:07:06	3.250e-03	1579604826.8772662
2020-01-21 11:07:16	3.250e-03	1579604836.9325447
2020-01-21 11:07:26	3.250e-03	1579604846.9946873
2020-01-21 11:07:37	3.250e-03	1579604857.0472224
2020-01-21 11:07:47	3.240e-03	1579604867.1035144
2020-01-21 11:07:57	3.250e-03	1579604877.1609256
2020-01-21 11:08:07	3.240e-03	1579604887.2166643
2020-01-21 11:08:17	3.240e-03	1579604897.282254
2020-01-21 11:08:27	3.250e-03	1579604907.340921
2020-01-21 11:08:37	3.240e-03	1579604917.4019504
2020-01-21 11:08:47	3.230e-03	1579604927.45373
2020-01-21 11:08:57	3.240e-03	1579604937.516168
2020-01-21 11:09:07	3.240e-03	1579604947.5822353
2020-01-21 11:09:17	3.240e-03	1579604957.642022
2020-01-21 11:09:27	3.250e-03	1579604967.700418
2020-01-21 11:09:37	3.240e-03	1579604977.76135
2020-01-21 11:09:47	3.240e-03	1579604987.8223526
2020-01-21 11:09:57	3.240e-03	1579604997.8812242
2020-01-21 11:10:07	3.240e-03	1579605007.94199
2020-01-21 11:10:18	3.240e-03	1579605018.00274
2020-01-21 11:10:28	3.240e-03	1579605028.0615923
2020-01-21 11:10:38	3.250e-03	1579605038.121581
2020-01-21 11:10:48	3.240e-03	1579605048.1827912
2020-01-21 11:10:58	3.230e-03	1579605058.2412195
2020-01-21 11:11:08	3.240e-03	1579605068.3024187
2020-01-21 11:11:18	3.240e-03	1579605078.3623598
2020-01-21 11:11:28	3.230e-03	1579605088.420996
2020-01-21 11:11:38	3.230e-03	1579605098.4827483
2020-01-21 11:11:48	3.240e-03	1579605108.5423963
2020-01-21 11:11:58	3.220e-03	1579605118.6009314
2020-01-21 11:12:08	3.230e-03	1579605128.6623933
2020-01-21 11:12:18	3.230e-03	1579605138.7222638
2020-01-21 11:12:28	3.230e-03	1579605148.7814114
2020-01-21 11:12:38	3.240e-03	1579605158.8413725
2020-01-21 11:12:48	3.240e-03	1579605168.9025233
2020-01-21 11:12:58	3.230e-03	1579605178.9611723
2020-01-21 11:13:09	3.240e-03	1579605189.0124557
2020-01-21 11:13:19	3.240e-03	1579605199.0823882
2020-01-21 11:13:29	3.220e-03	1579605209.1324172
2020-01-21 11:13:39	3.240e-03	1579605219.2022536
2020-01-21 11:13:49	3.230e-03	1579605229.2593436
2020-01-21 11:13:59	3.240e-03	1579605239.3180587
2020-01-21 11:14:09	3.240e-03	1579605249.371857
2020-01-21 11:14:19	3.230e-03	1579605259.429254
2020-01-21 11:14:29	3.230e-03	1579605269.485175
2020-01-21 11:14:39	3.240e-03	1579605279.5463872
2020-01-21 11:14:49	3.240e-03	1579605289.6025229
2020-01-21 11:14:59	3.230e-03	1579605299.6628816
2020-01-21 11:15:09	3.230e-03	1579605309.7123852
2020-01-21 11:15:19	3.230e-03	1579605319.7742333
2020-01-21 11:15:29	3.220e-03	1579605329.8312747
2020-01-21 11:15:39	3.230e-03	1579605339.8891327
2020-01-21 11:15:49	3.230e-03	1579605349.9510741
2020-01-21 11:16:00	3.230e-03	1579605360.009961
2020-01-21 11:16:10	3.220e-03	1579605370.0678217
2020-01-21 11:16:20	3.230e-03	1579605380.1224246
2020-01-21 11:16:30	3.230e-03	1579605390.1891403
2020-01-21 11:16:40	3.240e-03	1579605400.250717
2020-01-21 11:16:50	3.230e-03	1579605410.3087952
2020-01-21 11:17:00	3.220e-03	1579605420.3699086
2020-01-21 11:17:10	3.220e-03	1579605430.4288204
2020-01-21 11:17:20	3.220e-03	1579605440.4887114
2020-01-21 11:17:30	3.230e-03	1579605450.5497909
2020-01-21 11:17:40	3.230e-03	1579605460.6086175
2020-01-21 11:17:50	3.230e-03	1579605470.6687803
2020-01-21 11:18:00	3.220e-03	1579605480.7224364
2020-01-21 11:18:10	3.230e-03	1579605490.7885103
2020-01-21 11:18:20	3.220e-03	1579605500.8502195
2020-01-21 11:18:30	3.220e-03	1579605510.9102795
2020-01-21 11:18:40	3.220e-03	1579605520.9687767
2020-01-21 11:18:51	3.230e-03	1579605531.0288947
2020-01-21 11:19:01	3.230e-03	1579605541.082544
2020-01-21 11:19:11	3.220e-03	1579605551.1509573
2020-01-21 11:19:21	3.230e-03	1579605561.2111986
2020-01-21 11:19:31	3.220e-03	1579605571.2700887
2020-01-21 11:19:41	3.220e-03	1579605581.328544
2020-01-21 11:19:51	3.220e-03	1579605591.390048
2020-01-21 11:20:01	3.210e-03	1579605601.4497974
2020-01-21 11:20:11	3.220e-03	1579605611.5092936
2020-01-21 11:20:21	3.220e-03	1579605621.569331
2020-01-21 11:20:31	3.210e-03	1579605631.6296318
2020-01-21 11:20:41	3.220e-03	1579605641.6882734
2020-01-21 11:20:51	3.210e-03	1579605651.7468913
2020-01-21 11:21:01	3.220e-03	1579605661.8020768
2020-01-21 11:21:11	3.220e-03	1579605671.8588874
2020-01-21 11:21:21	3.210e-03	1579605681.915434
2020-01-21 11:21:31	3.210e-03	1579605691.971854
2020-01-21 11:21:42	3.210e-03	1579605702.0324674
2020-01-21 11:21:52	3.210e-03	1579605712.0908082
2020-01-21 11:22:02	3.210e-03	1579605722.1493182
2020-01-21 11:22:12	3.210e-03	1579605732.2047577
2020-01-21 11:22:22	3.210e-03	1579605742.2606952
2020-01-21 11:22:32	3.210e-03	1579605752.3187776
2020-01-21 11:22:42	3.200e-03	1579605762.3768249
2020-01-21 11:22:52	3.210e-03	1579605772.4353952
2020-01-21 11:23:02	3.210e-03	1579605782.4922423
2020-01-21 11:23:12	3.200e-03	1579605792.5526078
2020-01-21 11:23:22	3.210e-03	1579605802.6057725
2020-01-21 11:23:32	3.200e-03	1579605812.6616993
2020-01-21 11:23:42	3.200e-03	1579605822.7190685
2020-01-21 11:23:52	3.200e-03	1579605832.772398
2020-01-21 11:24:02	3.200e-03	1579605842.8364654
2020-01-21 11:24:12	3.200e-03	1579605852.8951173
2020-01-21 11:24:22	3.200e-03	1579605862.9424114
2020-01-21 11:24:33	3.200e-03	1579605873.0060337
2020-01-21 11:24:43	3.200e-03	1579605883.063648
2020-01-21 11:24:53	3.200e-03	1579605893.1171067
2020-01-21 11:25:03	3.200e-03	1579605903.1823301
2020-01-21 11:25:13	3.190e-03	1579605913.2424288
2020-01-21 11:25:23	3.190e-03	1579605923.3029287
2020-01-21 11:25:33	3.200e-03	1579605933.362707
2020-01-21 11:25:43	3.190e-03	1579605943.422586
2020-01-21 11:25:53	3.190e-03	1579605953.4844062
2020-01-21 11:26:03	3.200e-03	1579605963.532384
2020-01-21 11:26:13	3.200e-03	1579605973.5829587
2020-01-21 11:26:23	3.190e-03	1579605983.635256
2020-01-21 11:26:33	3.200e-03	1579605993.6928506
2020-01-21 11:26:43	3.190e-03	1579606003.7487705
2020-01-21 11:26:53	3.190e-03	1579606013.8024178
2020-01-21 11:27:03	3.190e-03	1579606023.8681908
2020-01-21 11:27:13	3.190e-03	1579606033.9257052
2020-01-21 11:27:23	3.180e-03	1579606043.9858155
2020-01-21 11:27:34	3.190e-03	1579606054.038337
2020-01-21 11:27:44	3.190e-03	1579606064.0925512
2020-01-21 11:27:54	3.180e-03	1579606074.1521928
2020-01-21 11:28:04	3.190e-03	1579606084.2125216
2020-01-21 11:28:14	3.190e-03	1579606094.2732508
2020-01-21 11:28:24	3.180e-03	1579606104.332111
2020-01-21 11:28:34	3.190e-03	1579606114.3924024
2020-01-21 11:28:44	3.180e-03	1579606124.453053
2020-01-21 11:28:54	3.200e-03	1579606134.5127587
2020-01-21 11:29:04	3.190e-03	1579606144.57248
2020-01-21 11:29:14	3.190e-03	1579606154.6338806
2020-01-21 11:29:24	3.200e-03	1579606164.6824343
2020-01-21 11:29:34	3.190e-03	1579606174.7532227
2020-01-21 11:29:44	3.180e-03	1579606184.809221
2020-01-21 11:29:54	3.200e-03	1579606194.8693342
2020-01-21 11:30:04	3.180e-03	1579606204.9229171
2020-01-21 11:30:14	3.180e-03	1579606214.9724472
2020-01-21 11:30:25	3.190e-03	1579606225.035591
2020-01-21 11:30:35	3.180e-03	1579606235.0954032
2020-01-21 11:30:45	3.180e-03	1579606245.1513515
2020-01-21 11:30:55	3.180e-03	1579606255.208062
2020-01-21 11:31:05	3.190e-03	1579606265.26245
2020-01-21 11:31:15	3.190e-03	1579606275.3218765
2020-01-21 11:31:25	3.190e-03	1579606285.3802078
2020-01-21 11:31:35	3.180e-03	1579606295.4391184
2020-01-21 11:31:45	3.180e-03	1579606305.496401
2020-01-21 11:31:55	3.190e-03	1579606315.5523984
2020-01-21 11:32:05	3.180e-03	1579606325.6088438
2020-01-21 11:32:15	3.180e-03	1579606335.6657825
2020-01-21 11:32:25	3.180e-03	1579606345.72197
2020-01-21 11:32:35	3.180e-03	1579606355.7830327
2020-01-21 11:32:45	3.180e-03	1579606365.8324857
2020-01-21 11:32:55	3.190e-03	1579606375.899448
2020-01-21 11:33:05	3.190e-03	1579606385.959168
2020-01-21 11:33:16	3.200e-03	1579606396.0117412
2020-01-21 11:33:26	3.200e-03	1579606406.0690072
2020-01-21 11:33:36	3.240e-03	1579606416.1225486
2020-01-21 11:33:46	3.250e-03	1579606426.1859674
2020-01-21 11:33:56	3.260e-03	1579606436.246994
2020-01-21 11:34:06	3.290e-03	1579606446.3050108
2020-01-21 11:34:16	3.310e-03	1579606456.3652415
2020-01-21 11:34:26	3.320e-03	1579606466.4225209
2020-01-21 11:34:36	3.350e-03	1579606476.4845896
2020-01-21 11:34:46	3.370e-03	1579606486.546033
2020-01-21 11:34:56	3.370e-03	1579606496.605893
2020-01-21 11:35:06	3.400e-03	1579606506.664544
2020-01-21 11:35:16	3.410e-03	1579606516.722558
2020-01-21 11:35:26	3.430e-03	1579606526.7861974
2020-01-21 11:35:36	3.470e-03	1579606536.8461547
2020-01-21 11:35:46	3.520e-03	1579606546.9055836
2020-01-21 11:35:56	3.590e-03	1579606556.966745
2020-01-21 11:36:07	3.700e-03	1579606567.025294
2020-01-21 11:36:17	3.810e-03	1579606577.0855296
2020-01-21 11:36:27	3.930e-03	1579606587.146753
2020-01-21 11:36:37	4.050e-03	1579606597.2052968
2020-01-21 11:36:47	4.200e-03	1579606607.266366
2020-01-21 11:36:57	4.360e-03	1579606617.3262758
2020-01-21 11:37:07	4.520e-03	1579606627.3855963
2020-01-21 11:37:17	4.700e-03	1579606637.4467087
2020-01-21 11:37:27	4.910e-03	1579606647.5063424
2020-01-21 11:37:37	5.120e-03	1579606657.5651135
2020-01-21 11:37:47	5.370e-03	1579606667.622345
2020-01-21 11:37:57	5.640e-03	1579606677.6783512
2020-01-21 11:38:07	5.950e-03	1579606687.7359912
2020-01-21 11:38:17	6.270e-03	1579606697.7917445
2020-01-21 11:38:27	6.670e-03	1579606707.850336
2020-01-21 11:38:37	7.100e-03	1579606717.90875
2020-01-21 11:38:47	7.580e-03	1579606727.9704208
2020-01-21 11:38:58	8.100e-03	1579606738.0266628
2020-01-21 11:39:08	8.680e-03	1579606748.086251
2020-01-21 11:39:18	9.350e-03	1579606758.139851
2020-01-21 11:39:28	1.010e-02	1579606768.1969242
2020-01-21 11:39:38	1.090e-02	1579606778.253379
2020-01-21 11:39:48	1.170e-02	1579606788.3124
2020-01-21 11:39:58	1.270e-02	1579606798.3752227
2020-01-21 11:40:08	1.380e-02	1579606808.4338827
2020-01-21 11:40:18	1.490e-02	1579606818.4926808
2020-01-21 11:40:28	1.620e-02	1579606828.548744
2020-01-21 11:40:38	1.760e-02	1579606838.602391
2020-01-21 11:40:48	1.910e-02	1579606848.6628332
2020-01-21 11:40:58	2.080e-02	1579606858.7191384
2020-01-21 11:41:08	2.270e-02	1579606868.7751706
2020-01-21 11:41:18	2.470e-02	1579606878.8333209
2020-01-21 11:41:28	2.690e-02	1579606888.892407
2020-01-21 11:41:38	2.920e-02	1579606898.9531846
2020-01-21 11:41:49	3.180e-02	1579606909.0082886
2020-01-21 11:41:59	3.450e-02	1579606919.065591
2020-01-21 11:42:09	3.740e-02	1579606929.1219993
2020-01-21 11:42:19	4.040e-02	1579606939.1724348
2020-01-21 11:42:29	4.360e-02	1579606949.2392313
2020-01-21 11:42:39	4.700e-02	1579606959.2997072
2020-01-21 11:42:49	5.050e-02	1579606969.3537533
2020-01-21 11:42:59	5.410e-02	1579606979.4197474
2020-01-21 11:43:09	5.780e-02	1579606989.4724178
2020-01-21 11:43:19	6.160e-02	1579606999.5360596
2020-01-21 11:43:29	6.550e-02	1579607009.5895312
2020-01-21 11:43:39	6.950e-02	1579607019.6466475
2020-01-21 11:43:49	7.360e-02	1579607029.7030315
2020-01-21 11:43:59	7.770e-02	1579607039.763093
2020-01-21 11:44:09	8.190e-02	1579607049.8237596
2020-01-21 11:44:19	8.610e-02	1579607059.8827927
2020-01-21 11:44:29	9.040e-02	1579607069.9426372
2020-01-21 11:44:40	9.470e-02	1579607080.0040061
2020-01-21 11:44:50	9.910e-02	1579607090.0624185
2020-01-21 11:45:00	1.030e-01	1579607100.1237376
2020-01-21 11:45:10	1.080e-01	1579607110.184808
2020-01-21 11:45:20	1.120e-01	1579607120.242213
2020-01-21 11:45:30	1.170e-01	1579607130.30318
2020-01-21 11:45:40	1.210e-01	1579607140.3624194
2020-01-21 11:45:50	1.260e-01	1579607150.422947
2020-01-21 11:46:00	1.300e-01	1579607160.4841046
2020-01-21 11:46:10	1.350e-01	1579607170.5441942
2020-01-21 11:46:20	1.390e-01	1579607180.602794
2020-01-21 11:46:30	1.440e-01	1579607190.6624625
2020-01-21 11:46:40	1.480e-01	1579607200.724555
2020-01-21 11:46:50	1.530e-01	1579607210.7834122
2020-01-21 11:47:00	1.570e-01	1579607220.8434455
2020-01-21 11:47:10	1.620e-01	1579607230.9045217
2020-01-21 11:47:20	1.660e-01	1579607240.9624882
2020-01-21 11:47:31	1.710e-01	1579607251.0233467
2020-01-21 11:47:41	1.760e-01	1579607261.0806422
2020-01-21 11:47:51	1.800e-01	1579607271.1400597
2020-01-21 11:48:01	1.850e-01	1579607281.194278
2020-01-21 11:48:11	1.890e-01	1579607291.2425416
2020-01-21 11:48:21	1.930e-01	1579607301.2896123
2020-01-21 11:48:31	1.980e-01	1579607311.3505032
2020-01-21 11:48:41	2.020e-01	1579607321.4065132
2020-01-21 11:48:51	2.070e-01	1579607331.466558
2020-01-21 11:49:01	2.110e-01	1579607341.5125527
2020-01-21 11:49:11	2.160e-01	1579607351.5762088
2020-01-21 11:49:21	2.200e-01	1579607361.6337087
2020-01-21 11:49:31	2.240e-01	1579607371.6922271
2020-01-21 11:49:41	2.290e-01	1579607381.7527492
2020-01-21 11:49:51	2.330e-01	1579607391.8137918
2020-01-21 11:50:01	2.380e-01	1579607401.8749597
2020-01-21 11:50:11	2.420e-01	1579607411.9323769
2020-01-21 11:50:21	2.460e-01	1579607421.9931722
2020-01-21 11:50:32	2.510e-01	1579607432.05351
2020-01-21 11:50:42	2.550e-01	1579607442.1036458
2020-01-21 11:50:52	2.590e-01	1579607452.1734753
2020-01-21 11:51:02	2.630e-01	1579607462.2346637
2020-01-21 11:51:12	2.680e-01	1579607472.293193
2020-01-21 11:51:22	2.720e-01	1579607482.3507683
2020-01-21 11:51:32	2.760e-01	1579607492.4025161
2020-01-21 11:51:42	2.800e-01	1579607502.4626024
2020-01-21 11:51:52	2.850e-01	1579607512.5202153
2020-01-21 11:52:02	2.890e-01	1579607522.5762231
2020-01-21 11:52:12	2.930e-01	1579607532.6364543
2020-01-21 11:52:22	2.970e-01	1579607542.6974628
2020-01-21 11:52:32	3.010e-01	1579607552.756619
2020-01-21 11:52:42	3.050e-01	1579607562.816613
2020-01-21 11:52:52	3.100e-01	1579607572.877283
2020-01-21 11:53:02	3.140e-01	1579607582.936197
2020-01-21 11:53:12	3.180e-01	1579607592.997195
2020-01-21 11:53:23	3.220e-01	1579607603.0576515
2020-01-21 11:53:33	3.260e-01	1579607613.1175358
2020-01-21 11:53:43	3.300e-01	1579607623.177173
2020-01-21 11:53:53	3.340e-01	1579607633.2386072
2020-01-21 11:54:03	3.380e-01	1579607643.2963638
2020-01-21 11:54:13	3.420e-01	1579607653.3576658
2020-01-21 11:54:23	3.460e-01	1579607663.418137
2020-01-21 11:54:33	3.510e-01	1579607673.4766796
2020-01-21 11:54:43	3.550e-01	1579607683.5370839
2020-01-21 11:54:53	3.590e-01	1579607693.5976825
2020-01-21 11:55:03	3.630e-01	1579607703.6573248
2020-01-21 11:55:13	3.670e-01	1579607713.7180085
2020-01-21 11:55:23	3.710e-01	1579607723.777396
2020-01-21 11:55:33	3.740e-01	1579607733.8363507
2020-01-21 11:55:43	3.790e-01	1579607743.8975089
2020-01-21 11:55:53	3.840e-01	1579607753.9588103
2020-01-21 11:56:04	3.890e-01	1579607764.0161974
2020-01-21 11:56:14	3.940e-01	1579607774.0777664
2020-01-21 11:56:24	3.990e-01	1579607784.1338925
2020-01-21 11:56:34	4.040e-01	1579607794.1931903
2020-01-21 11:56:44	4.090e-01	1579607804.2486649
2020-01-21 11:56:54	4.140e-01	1579607814.304518
2020-01-21 11:57:04	4.190e-01	1579607824.3607793
2020-01-21 11:57:14	4.240e-01	1579607834.4194608
2020-01-21 11:57:24	4.280e-01	1579607844.4756644
2020-01-21 11:57:34	4.330e-01	1579607854.5331507
2020-01-21 11:57:44	4.380e-01	1579607864.582386
2020-01-21 11:57:54	4.430e-01	1579607874.6464384
2020-01-21 11:58:04	4.480e-01	1579607884.7051547
2020-01-21 11:58:14	4.530e-01	1579607894.762408
2020-01-21 11:58:24	4.580e-01	1579607904.8244302
2020-01-21 11:58:34	4.630e-01	1579607914.882428
2020-01-21 11:58:44	4.680e-01	1579607924.9439335
2020-01-21 11:58:55	4.730e-01	1579607935.0040796
2020-01-21 11:59:05	4.780e-01	1579607945.0653684
2020-01-21 11:59:15	4.820e-01	1579607955.1241019
2020-01-21 11:59:25	4.870e-01	1579607965.1824102
2020-01-21 11:59:35	4.920e-01	1579607975.245163
2020-01-21 11:59:45	4.970e-01	1579607985.3039906
2020-01-21 11:59:55	5.020e-01	1579607995.3639836
2020-01-21 12:00:05	5.070e-01	1579608005.4250464
2020-01-21 12:00:15	5.120e-01	1579608015.482413
2020-01-21 12:00:25	5.170e-01	1579608025.5448358
2020-01-21 12:00:35	5.220e-01	1579608035.6049113
2020-01-21 12:00:45	5.260e-01	1579608045.6636279
2020-01-21 12:00:55	5.310e-01	1579608055.724413
2020-01-21 12:01:05	5.360e-01	1579608065.7854822
2020-01-21 12:01:15	5.410e-01	1579608075.8442411
2020-01-21 12:01:25	5.460e-01	1579608085.9040046
2020-01-21 12:01:35	5.510e-01	1579608095.9649026
2020-01-21 12:01:46	5.560e-01	1579608106.0237157
2020-01-21 12:01:56	5.610e-01	1579608116.0824218
2020-01-21 12:02:06	5.660e-01	1579608126.1458647
2020-01-21 12:02:16	5.700e-01	1579608136.204169
2020-01-21 12:02:26	5.750e-01	1579608146.2624485
2020-01-21 12:02:36	5.800e-01	1579608156.3258557
2020-01-21 12:02:46	5.850e-01	1579608166.384126
2020-01-21 12:02:56	5.900e-01	1579608176.445372
2020-01-21 12:03:06	5.950e-01	1579608186.5051613
2020-01-21 12:03:16	6.000e-01	1579608196.5637064
2020-01-21 12:03:26	6.050e-01	1579608206.624977
2020-01-21 12:03:36	6.100e-01	1579608216.6857338
2020-01-21 12:03:46	6.140e-01	1579608226.7444842
2020-01-21 12:03:56	6.190e-01	1579608236.8049142
2020-01-21 12:04:06	6.240e-01	1579608246.864859
2020-01-21 12:04:16	6.290e-01	1579608256.9182522
2020-01-21 12:04:26	6.340e-01	1579608266.984668
2020-01-21 12:04:37	6.390e-01	1579608277.0424864
2020-01-21 12:04:47	6.440e-01	1579608287.1042824
2020-01-21 12:04:57	6.480e-01	1579608297.1655946
2020-01-21 12:05:07	6.530e-01	1579608307.2254615
2020-01-21 12:05:17	6.580e-01	1579608317.282471
2020-01-21 12:05:27	6.630e-01	1579608327.344865
2020-01-21 12:05:37	6.680e-01	1579608337.405958
2020-01-21 12:05:47	6.730e-01	1579608347.464889
2020-01-21 12:05:57	6.780e-01	1579608357.5250592
2020-01-21 12:06:07	6.820e-01	1579608367.5822134
2020-01-21 12:06:17	6.870e-01	1579608377.6408582
2020-01-21 12:06:27	6.920e-01	1579608387.6955416
2020-01-21 12:06:37	6.970e-01	1579608397.7519464
2020-01-21 12:06:47	7.020e-01	1579608407.808167
2020-01-21 12:06:57	7.070e-01	1579608417.8624618
2020-01-21 12:07:07	7.120e-01	1579608427.9224904
2020-01-21 12:07:17	7.170e-01	1579608437.9851775
2020-01-21 12:07:28	7.210e-01	1579608448.0388696
2020-01-21 12:07:38	7.260e-01	1579608458.0952904
2020-01-21 12:07:48	7.310e-01	1579608468.1424978
2020-01-21 12:07:58	7.360e-01	1579608478.211235
2020-01-21 12:08:08	7.410e-01	1579608488.2720594
2020-01-21 12:08:18	7.460e-01	1579608498.332107
2020-01-21 12:08:28	7.500e-01	1579608508.3825295
2020-01-21 12:08:38	7.550e-01	1579608518.442456
2020-01-21 12:08:48	7.600e-01	1579608528.512499
2020-01-21 12:08:58	7.650e-01	1579608538.5714471
2020-01-21 12:09:08	7.700e-01	1579608548.6322064
2020-01-21 12:09:18	7.750e-01	1579608558.692251
2020-01-21 12:09:28	7.790e-01	1579608568.742457
2020-01-21 12:09:38	7.840e-01	1579608578.8118577
2020-01-21 12:09:48	7.890e-01	1579608588.873058
2020-01-21 12:09:58	7.940e-01	1579608598.9314067
2020-01-21 12:10:08	7.990e-01	1579608608.992511
2020-01-21 12:10:19	8.040e-01	1579608619.0526884
2020-01-21 12:10:29	8.080e-01	1579608629.1113436
2020-01-21 12:10:39	8.130e-01	1579608639.1720989
2020-01-21 12:10:49	8.180e-01	1579608649.2322757
2020-01-21 12:10:59	8.230e-01	1579608659.291013
2020-01-21 12:11:09	8.280e-01	1579608669.3424914
2020-01-21 12:11:19	8.330e-01	1579608679.4122174
2020-01-21 12:11:29	8.370e-01	1579608689.4709404
2020-01-21 12:11:39	8.420e-01	1579608699.5319233
2020-01-21 12:11:49	8.470e-01	1579608709.5931814
2020-01-21 12:11:59	8.520e-01	1579608719.6425157
2020-01-21 12:12:09	8.570e-01	1579608729.7123537
2020-01-21 12:12:19	8.620e-01	1579608739.7725356
2020-01-21 12:12:29	8.670e-01	1579608749.8313925
2020-01-21 12:12:39	8.710e-01	1579608759.8925712
2020-01-21 12:12:49	8.760e-01	1579608769.9524813
2020-01-21 12:13:00	8.810e-01	1579608780.0114026
2020-01-21 12:13:10	8.860e-01	1579608790.0728242
2020-01-21 12:13:20	8.910e-01	1579608800.1327336
2020-01-21 12:13:30	8.960e-01	1579608810.1912081
2020-01-21 12:13:40	9.000e-01	1579608820.2525144
2020-01-21 12:13:50	9.050e-01	1579608830.3123941
2020-01-21 12:14:00	9.100e-01	1579608840.3722937
2020-01-21 12:14:10	9.150e-01	1579608850.4328077
2020-01-21 12:14:20	9.200e-01	1579608860.4925537
2020-01-21 12:14:30	9.250e-01	1579608870.5425327
2020-01-21 12:14:40	9.290e-01	1579608880.6127546
2020-01-21 12:14:50	9.340e-01	1579608890.6734383
2020-01-21 12:15:00	9.390e-01	1579608900.7324002
2020-01-21 12:15:10	9.440e-01	1579608910.7926424
2020-01-21 12:15:20	9.490e-01	1579608920.853426
2020-01-21 12:15:30	9.540e-01	1579608930.9112854
2020-01-21 12:15:40	9.590e-01	1579608940.972421
2020-01-21 12:15:51	9.630e-01	1579608951.02878
2020-01-21 12:16:01	9.680e-01	1579608961.0887632
2020-01-21 12:16:11	9.730e-01	1579608971.142167
2020-01-21 12:16:21	9.780e-01	1579608981.199199
2020-01-21 12:16:31	9.830e-01	1579608991.2557065
2020-01-21 12:16:41	9.880e-01	1579609001.3125937
2020-01-21 12:16:51	9.930e-01	1579609011.3714395
2020-01-21 12:17:01	9.980e-01	1579609021.4274757
2020-01-21 12:17:11	1.000e+00	1579609031.484784
2020-01-21 12:17:21	1.010e+00	1579609041.5409956
2020-01-21 12:17:31	1.010e+00	1579609051.5923948
2020-01-21 12:17:41	1.020e+00	1579609061.6588001
2020-01-21 12:17:51	1.020e+00	1579609071.7199726
2020-01-21 12:18:01	1.030e+00	1579609081.7798355
2020-01-21 12:18:11	1.030e+00	1579609091.8391614
2020-01-21 12:18:21	1.040e+00	1579609101.8997772
2020-01-21 12:18:31	1.040e+00	1579609111.960192
2020-01-21 12:18:42	1.050e+00	1579609122.0151672
2020-01-21 12:18:52	1.050e+00	1579609132.0797544
2020-01-21 12:19:02	1.060e+00	1579609142.140029
2020-01-21 12:19:12	1.060e+00	1579609152.1923885
2020-01-21 12:19:22	1.070e+00	1579609162.259966
2020-01-21 12:19:32	1.070e+00	1579609172.3199782
2020-01-21 12:19:42	1.080e+00	1579609182.378391
2020-01-21 12:19:52	1.080e+00	1579609192.4397717
2020-01-21 12:20:02	1.080e+00	1579609202.4995399
2020-01-21 12:20:12	1.090e+00	1579609212.5584202
2020-01-21 12:20:22	1.090e+00	1579609222.6198208
2020-01-21 12:20:32	1.100e+00	1579609232.6797073
2020-01-21 12:20:42	1.100e+00	1579609242.7386014
2020-01-21 12:20:52	1.110e+00	1579609252.7979279
2020-01-21 12:21:02	1.110e+00	1579609262.8606327
2020-01-21 12:21:12	1.120e+00	1579609272.9124584
2020-01-21 12:21:22	1.120e+00	1579609282.9754753
2020-01-21 12:21:33	1.130e+00	1579609293.0315208
2020-01-21 12:21:43	1.130e+00	1579609303.099111
2020-01-21 12:21:53	1.140e+00	1579609313.1591632
2020-01-21 12:22:03	1.140e+00	1579609323.220351
2020-01-21 12:22:13	1.150e+00	1579609333.2789657
2020-01-21 12:22:23	1.150e+00	1579609343.3399858
2020-01-21 12:22:33	1.160e+00	1579609353.4010885
2020-01-21 12:22:43	1.160e+00	1579609363.4591055
2020-01-21 12:22:53	1.170e+00	1579609373.5199034
2020-01-21 12:23:03	1.170e+00	1579609383.5810602
2020-01-21 12:23:13	1.180e+00	1579609393.6384418
2020-01-21 12:23:23	1.180e+00	1579609403.6997442
2020-01-21 12:23:33	1.190e+00	1579609413.7608805
2020-01-21 12:23:43	1.190e+00	1579609423.810472
2020-01-21 12:23:53	1.200e+00	1579609433.879293
2020-01-21 12:24:03	1.200e+00	1579609443.9331813
2020-01-21 12:24:13	1.210e+00	1579609453.9994562
2020-01-21 12:24:24	1.210e+00	1579609464.052414
2020-01-21 12:24:34	1.220e+00	1579609474.1124399
2020-01-21 12:24:44	1.220e+00	1579609484.1724362
2020-01-21 12:24:54	1.230e+00	1579609494.2401493
2020-01-21 12:25:04	1.230e+00	1579609504.3010042
2020-01-21 12:25:14	1.240e+00	1579609514.358637
2020-01-21 12:25:24	1.240e+00	1579609524.4124277
2020-01-21 12:25:34	1.240e+00	1579609534.476334
2020-01-21 12:25:44	1.250e+00	1579609544.5363584
2020-01-21 12:25:54	1.250e+00	1579609554.5898554
2020-01-21 12:26:04	1.260e+00	1579609564.6473508
2020-01-21 12:26:14	1.260e+00	1579609574.7024434
2020-01-21 12:26:24	1.270e+00	1579609584.7619576
2020-01-21 12:26:34	1.270e+00	1579609594.8190503
2020-01-21 12:26:44	1.280e+00	1579609604.8794959
2020-01-21 12:26:54	1.280e+00	1579609614.9321122
2020-01-21 12:27:04	1.290e+00	1579609624.982433
2020-01-21 12:27:15	1.290e+00	1579609635.0429204
2020-01-21 12:27:25	1.300e+00	1579609645.106105
2020-01-21 12:27:35	1.300e+00	1579609655.1647854
2020-01-21 12:27:45	1.310e+00	1579609665.2224061
2020-01-21 12:27:55	1.310e+00	1579609675.2725384
2020-01-21 12:28:05	1.340e+00	1579609685.3350065
2020-01-21 12:28:15	1.340e+00	1579609695.382453
2020-01-21 12:28:25	1.350e+00	1579609705.4328575
2020-01-21 12:28:35	1.350e+00	1579609715.4928377
2020-01-21 12:28:45	1.360e+00	1579609725.5526745
2020-01-21 12:28:55	1.360e+00	1579609735.6121802
2020-01-21 12:29:05	1.370e+00	1579609745.6734512
2020-01-21 12:29:15	1.370e+00	1579609755.7264462
2020-01-21 12:29:25	1.380e+00	1579609765.7924414
2020-01-21 12:29:35	1.380e+00	1579609775.8526456
2020-01-21 12:29:45	1.390e+00	1579609785.9133017
2020-01-21 12:29:55	1.390e+00	1579609795.9719687
2020-01-21 12:30:06	1.400e+00	1579609806.0332859
2020-01-21 12:30:16	1.400e+00	1579609816.094336
2020-01-21 12:30:26	1.410e+00	1579609826.1533024
2020-01-21 12:30:36	1.410e+00	1579609836.2134144
2020-01-21 12:30:46	1.420e+00	1579609846.2742093
2020-01-21 12:30:56	1.420e+00	1579609856.33241
2020-01-21 12:31:06	1.430e+00	1579609866.3930862
2020-01-21 12:31:16	1.430e+00	1579609876.4525712
2020-01-21 12:31:26	1.440e+00	1579609886.5127714
2020-01-21 12:31:36	1.440e+00	1579609896.5724504
2020-01-21 12:31:46	1.450e+00	1579609906.6244028
2020-01-21 12:31:56	1.450e+00	1579609916.6925716
2020-01-21 12:32:06	1.460e+00	1579609926.7524383
2020-01-21 12:32:16	1.460e+00	1579609936.8124099
2020-01-21 12:32:26	1.470e+00	1579609946.8624597
2020-01-21 12:32:36	1.470e+00	1579609956.9124136
2020-01-21 12:32:46	1.480e+00	1579609966.9657948
2020-01-21 12:32:57	1.480e+00	1579609977.0125122
2020-01-21 12:33:07	1.490e+00	1579609987.0569046
2020-01-21 12:33:17	1.490e+00	1579609997.118164
2020-01-21 12:33:27	1.500e+00	1579610007.1742601
2020-01-21 12:33:37	1.500e+00	1579610017.2315507
2020-01-21 12:33:47	1.510e+00	1579610027.2858312
2020-01-21 12:33:57	1.510e+00	1579610037.3465781
2020-01-21 12:34:07	1.520e+00	1579610047.3964884
2020-01-21 12:34:17	1.520e+00	1579610057.4619558
2020-01-21 12:34:27	1.530e+00	1579610067.5222182
2020-01-21 12:34:37	1.530e+00	1579610077.5725465
2020-01-21 12:34:47	1.540e+00	1579610087.6323006
2020-01-21 12:34:57	1.540e+00	1579610097.6897357
2020-01-21 12:35:07	1.550e+00	1579610107.7495015
2020-01-21 12:35:17	1.550e+00	1579610117.8084085
2020-01-21 12:35:27	1.560e+00	1579610127.8602276
2020-01-21 12:35:37	1.560e+00	1579610137.9295063
2020-01-21 12:35:47	1.570e+00	1579610147.988084
2020-01-21 12:35:58	1.570e+00	1579610158.0453074
2020-01-21 12:36:08	1.580e+00	1579610168.1052978
2020-01-21 12:36:18	1.580e+00	1579610178.1583557
2020-01-21 12:36:28	1.590e+00	1579610188.2150822
2020-01-21 12:36:38	1.590e+00	1579610198.2720037
2020-01-21 12:36:48	1.600e+00	1579610208.332868
2020-01-21 12:36:58	1.600e+00	1579610218.3929238
2020-01-21 12:37:08	1.610e+00	1579610228.4515312
2020-01-21 12:37:18	1.610e+00	1579610238.512693
2020-01-21 12:37:28	1.620e+00	1579610248.573764
2020-01-21 12:37:38	1.620e+00	1579610258.6310885
2020-01-21 12:37:48	1.630e+00	1579610268.6924918
2020-01-21 12:37:58	1.630e+00	1579610278.7532916
2020-01-21 12:38:08	1.640e+00	1579610288.8128452
2020-01-21 12:38:18	1.640e+00	1579610298.87238
2020-01-21 12:38:28	1.650e+00	1579610308.9331958
2020-01-21 12:38:38	1.650e+00	1579610318.9921849
2020-01-21 12:38:49	1.660e+00	1579610329.052863
2020-01-21 12:38:59	1.660e+00	1579610339.1143034
2020-01-21 12:39:09	1.670e+00	1579610349.1728287
2020-01-21 12:39:19	1.670e+00	1579610359.232868
2020-01-21 12:39:29	1.680e+00	1579610369.294105
2020-01-21 12:39:39	1.680e+00	1579610379.3515646
2020-01-21 12:39:49	1.690e+00	1579610389.416538
2020-01-21 12:39:59	1.700e+00	1579610399.473828
2020-01-21 12:40:09	1.700e+00	1579610409.532464
2020-01-21 12:40:19	1.710e+00	1579610419.5925004
2020-01-21 12:40:29	1.710e+00	1579610429.653771
2020-01-21 12:40:39	1.720e+00	1579610439.71276
2020-01-21 12:40:49	1.720e+00	1579610449.772989
2020-01-21 12:40:59	1.730e+00	1579610459.8339434
2020-01-21 12:41:09	1.730e+00	1579610469.8925278
2020-01-21 12:41:19	1.740e+00	1579610479.9424498
2020-01-21 12:41:29	1.740e+00	1579610489.992792
2020-01-21 12:41:40	1.750e+00	1579610500.042445
2020-01-21 12:41:50	1.750e+00	1579610510.103384
2020-01-21 12:42:00	1.760e+00	1579610520.1594613
2020-01-21 12:42:10	1.760e+00	1579610530.220785
2020-01-21 12:42:20	1.770e+00	1579610540.279427
2020-01-21 12:42:30	1.770e+00	1579610550.3323956
2020-01-21 12:42:40	1.780e+00	1579610560.3926578
2020-01-21 12:42:50	1.780e+00	1579610570.4488523
2020-01-21 12:43:00	1.790e+00	1579610580.50625
2020-01-21 12:43:10	1.790e+00	1579610590.5628033
2020-01-21 12:43:20	1.800e+00	1579610600.6223948
2020-01-21 12:43:30	1.800e+00	1579610610.681167
2020-01-21 12:43:40	1.810e+00	1579610620.742632
2020-01-21 12:43:50	1.810e+00	1579610630.8032658
2020-01-21 12:44:00	1.820e+00	1579610640.8612344
2020-01-21 12:44:10	1.820e+00	1579610650.9221509
2020-01-21 12:44:20	1.830e+00	1579610660.983007
2020-01-21 12:44:31	1.830e+00	1579610671.041709
2020-01-21 12:44:41	1.840e+00	1579610681.1000779
2020-01-21 12:44:51	1.850e+00	1579610691.1537235
2020-01-21 12:45:01	1.850e+00	1579610701.2140224
2020-01-21 12:45:11	1.860e+00	1579610711.2703612
2020-01-21 12:45:21	1.860e+00	1579610721.3265703
2020-01-21 12:45:31	1.870e+00	1579610731.386274
2020-01-21 12:45:41	1.870e+00	1579610741.4464881
2020-01-21 12:45:51	1.880e+00	1579610751.50529
2020-01-21 12:46:01	1.880e+00	1579610761.5661216
2020-01-21 12:46:11	1.890e+00	1579610771.626204
2020-01-21 12:46:21	1.890e+00	1579610781.6842976
2020-01-21 12:46:31	1.900e+00	1579610791.745944
2020-01-21 12:46:41	1.900e+00	1579610801.8072097
2020-01-21 12:46:51	1.910e+00	1579610811.8652835
2020-01-21 12:47:01	1.910e+00	1579610821.9263349
2020-01-21 12:47:11	1.920e+00	1579610831.9862087
2020-01-21 12:47:22	1.920e+00	1579610842.045246
2020-01-21 12:47:32	1.930e+00	1579610852.1065
2020-01-21 12:47:42	1.930e+00	1579610862.1660128
2020-01-21 12:47:52	1.940e+00	1579610872.225108
2020-01-21 12:48:02	1.940e+00	1579610882.2865813
2020-01-21 12:48:12	1.950e+00	1579610892.3465176
2020-01-21 12:48:22	1.950e+00	1579610902.405284
2020-01-21 12:48:32	1.960e+00	1579610912.4660902
2020-01-21 12:48:42	1.960e+00	1579610922.5264213
2020-01-21 12:48:52	1.970e+00	1579610932.5826924
2020-01-21 12:49:02	1.970e+00	1579610942.6468437
2020-01-21 12:49:12	1.980e+00	1579610952.7072623
2020-01-21 12:49:22	1.980e+00	1579610962.7624722
2020-01-21 12:49:32	1.990e+00	1579610972.8258183
2020-01-21 12:49:42	1.990e+00	1579610982.8834903
2020-01-21 12:49:52	2.000e+00	1579610992.9440176
2020-01-21 12:50:02	2.010e+00	1579611002.9960175
2020-01-21 12:50:13	2.010e+00	1579611013.053403
2020-01-21 12:50:23	2.020e+00	1579611023.1024463
2020-01-21 12:50:33	2.020e+00	1579611033.1698163
2020-01-21 12:50:43	2.030e+00	1579611043.2276409
2020-01-21 12:50:53	2.030e+00	1579611053.2864451
2020-01-21 12:51:03	2.040e+00	1579611063.340173
2020-01-21 12:51:13	2.040e+00	1579611073.39734
2020-01-21 12:51:23	2.050e+00	1579611083.4536023
2020-01-21 12:51:33	2.050e+00	1579611093.514718
2020-01-21 12:51:43	2.060e+00	1579611103.569828
2020-01-21 12:51:53	2.060e+00	1579611113.6281338
2020-01-21 12:52:03	2.070e+00	1579611123.6841924
2020-01-21 12:52:13	2.070e+00	1579611133.7387037
2020-01-21 12:52:23	2.080e+00	1579611143.795407
2020-01-21 12:52:33	2.080e+00	1579611153.8566592
2020-01-21 12:52:43	2.090e+00	1579611163.9156299
2020-01-21 12:52:53	2.090e+00	1579611173.973445
2020-01-21 12:53:04	2.100e+00	1579611184.0332277
2020-01-21 12:53:14	2.100e+00	1579611194.0853393
2020-01-21 12:53:24	2.110e+00	1579611204.1424282
2020-01-21 12:53:34	2.110e+00	1579611214.198417
2020-01-21 12:53:44	2.120e+00	1579611224.2598567
2020-01-21 12:53:54	2.120e+00	1579611234.319823
2020-01-21 12:54:04	2.130e+00	1579611244.3785212
2020-01-21 12:54:14	2.140e+00	1579611254.4324312
2020-01-21 12:54:24	2.140e+00	1579611264.5007598
2020-01-21 12:54:34	2.150e+00	1579611274.5593817
2020-01-21 12:54:44	2.150e+00	1579611284.6145055
2020-01-21 12:54:54	2.160e+00	1579611294.680778
2020-01-21 12:55:04	2.160e+00	1579611304.7324643
2020-01-21 12:55:14	2.170e+00	1579611314.7992017
2020-01-21 12:55:24	2.170e+00	1579611324.852455
2020-01-21 12:55:34	2.180e+00	1579611334.9192164
2020-01-21 12:55:44	2.180e+00	1579611344.9799514
2020-01-21 12:55:55	2.190e+00	1579611355.0324166
2020-01-21 12:56:05	2.190e+00	1579611365.0990117
2020-01-21 12:56:15	2.200e+00	1579611375.1524477
2020-01-21 12:56:25	2.200e+00	1579611385.2200978
2020-01-21 12:56:35	2.210e+00	1579611395.279794
2020-01-21 12:56:45	2.210e+00	1579611405.3325841
2020-01-21 12:56:55	2.220e+00	1579611415.400815
2020-01-21 12:57:05	2.220e+00	1579611425.4595778
2020-01-21 12:57:15	2.230e+00	1579611435.5194886
2020-01-21 12:57:25	2.240e+00	1579611445.580684
2020-01-21 12:57:35	2.240e+00	1579611455.6325943
2020-01-21 12:57:45	2.250e+00	1579611465.6993682
2020-01-21 12:57:55	2.250e+00	1579611475.7605667
2020-01-21 12:58:05	2.260e+00	1579611485.8192399
2020-01-21 12:58:15	2.260e+00	1579611495.8801205
2020-01-21 12:58:25	2.270e+00	1579611505.9324043
2020-01-21 12:58:35	2.270e+00	1579611515.9998066
2020-01-21 12:58:46	2.280e+00	1579611526.0599844
2020-01-21 12:58:56	2.280e+00	1579611536.1131766
2020-01-21 12:59:06	2.290e+00	1579611546.1794467
2020-01-21 12:59:16	2.290e+00	1579611556.232594
2020-01-21 12:59:26	2.300e+00	1579611566.2965195
2020-01-21 12:59:36	2.300e+00	1579611576.3562272
2020-01-21 12:59:46	2.310e+00	1579611586.4081626
2020-01-21 12:59:56	2.310e+00	1579611596.4670706
2020-01-21 13:00:06	2.320e+00	1579611606.522416
2020-01-21 13:00:16	2.320e+00	1579611616.584672
2020-01-21 13:00:26	2.330e+00	1579611626.641054
2020-01-21 13:00:36	2.330e+00	1579611636.692405
2020-01-21 13:00:46	2.340e+00	1579611646.7545376
2020-01-21 13:00:56	2.340e+00	1579611656.8108768
2020-01-21 13:01:06	2.350e+00	1579611666.8673058
2020-01-21 13:01:16	2.360e+00	1579611676.926777
2020-01-21 13:01:26	2.360e+00	1579611686.9869378
2020-01-21 13:01:37	2.370e+00	1579611697.0480418
2020-01-21 13:01:47	2.370e+00	1579611707.1024294
2020-01-21 13:01:57	2.380e+00	1579611717.1612012
2020-01-21 13:02:07	2.380e+00	1579611727.2280762
2020-01-21 13:02:17	2.390e+00	1579611737.2858443
2020-01-21 13:02:27	2.390e+00	1579611747.347289
2020-01-21 13:02:37	2.400e+00	1579611757.4024868
2020-01-21 13:02:47	2.400e+00	1579611767.4667752
2020-01-21 13:02:57	2.410e+00	1579611777.5270264
2020-01-21 13:03:07	2.410e+00	1579611787.5879788
2020-01-21 13:03:17	2.420e+00	1579611797.6466105
2020-01-21 13:03:27	2.420e+00	1579611807.702563
2020-01-21 13:03:37	2.430e+00	1579611817.762412
2020-01-21 13:03:47	2.430e+00	1579611827.826756
2020-01-21 13:03:57	2.440e+00	1579611837.887722
2020-01-21 13:04:07	2.440e+00	1579611847.947645
2020-01-21 13:04:18	2.450e+00	1579611858.0025268
2020-01-21 13:04:28	2.450e+00	1579611868.0678477
2020-01-21 13:04:38	2.460e+00	1579611878.1275082
2020-01-21 13:04:48	2.470e+00	1579611888.1872158
2020-01-21 13:04:58	2.470e+00	1579611898.2473037
2020-01-21 13:05:08	2.480e+00	1579611908.3024364
2020-01-21 13:05:18	2.480e+00	1579611918.3672206
2020-01-21 13:05:28	2.490e+00	1579611928.4273386
2020-01-21 13:05:38	2.490e+00	1579611938.4886646
2020-01-21 13:05:48	2.500e+00	1579611948.547437
2020-01-21 13:05:58	2.500e+00	1579611958.602444
2020-01-21 13:06:08	2.510e+00	1579611968.6680596
2020-01-21 13:06:18	2.510e+00	1579611978.7267716
2020-01-21 13:06:28	2.520e+00	1579611988.7880096
2020-01-21 13:06:38	2.520e+00	1579611998.8481407
2020-01-21 13:06:48	2.530e+00	1579612008.9024189
2020-01-21 13:06:58	2.530e+00	1579612018.9624305
2020-01-21 13:07:09	2.540e+00	1579612029.0279253
2020-01-21 13:07:19	2.540e+00	1579612039.0865965
2020-01-21 13:07:29	2.550e+00	1579612049.1477876
2020-01-21 13:07:39	2.560e+00	1579612059.2024944
2020-01-21 13:07:49	2.560e+00	1579612069.2624269
2020-01-21 13:07:59	2.570e+00	1579612079.3274875
2020-01-21 13:08:09	2.570e+00	1579612089.3887298
2020-01-21 13:08:19	2.580e+00	1579612099.4464989
2020-01-21 13:08:29	2.580e+00	1579612109.5025055
2020-01-21 13:08:39	2.590e+00	1579612119.5691488
2020-01-21 13:08:49	2.590e+00	1579612129.6266496
2020-01-21 13:08:59	2.600e+00	1579612139.6877232
2020-01-21 13:09:09	2.600e+00	1579612149.7448575
2020-01-21 13:09:19	2.610e+00	1579612159.8025727
2020-01-21 13:09:29	2.610e+00	1579612169.8575993
2020-01-21 13:09:39	2.620e+00	1579612179.9149868
2020-01-21 13:09:49	2.620e+00	1579612189.9715302
2020-01-21 13:10:00	2.630e+00	1579612200.0303307
2020-01-21 13:10:10	2.630e+00	1579612210.0825675
2020-01-21 13:10:20	2.640e+00	1579612220.1430295
2020-01-21 13:10:30	2.640e+00	1579612230.200347
2020-01-21 13:10:40	2.650e+00	1579612240.2566974
2020-01-21 13:10:50	2.660e+00	1579612250.3154886
2020-01-21 13:11:00	2.660e+00	1579612260.3742306
2020-01-21 13:11:10	2.670e+00	1579612270.434331
2020-01-21 13:11:20	2.670e+00	1579612280.4954085
2020-01-21 13:11:30	2.680e+00	1579612290.5542233
2020-01-21 13:11:40	2.680e+00	1579612300.6124878
2020-01-21 13:11:50	2.690e+00	1579612310.6725535
2020-01-21 13:12:00	2.690e+00	1579612320.734363
2020-01-21 13:12:10	2.700e+00	1579612330.794322
2020-01-21 13:12:20	2.700e+00	1579612340.8554435
2020-01-21 13:12:30	2.710e+00	1579612350.9141045
2020-01-21 13:12:40	2.710e+00	1579612360.9724808
2020-01-21 13:12:51	2.720e+00	1579612371.0354025
2020-01-21 13:13:01	2.720e+00	1579612381.0925634
2020-01-21 13:13:11	2.730e+00	1579612391.155286
2020-01-21 13:13:21	2.730e+00	1579612401.2161405
2020-01-21 13:13:31	2.740e+00	1579612411.2724895
2020-01-21 13:13:41	2.740e+00	1579612421.3324175
2020-01-21 13:13:51	2.750e+00	1579612431.3957345
2020-01-21 13:14:01	2.750e+00	1579612441.4537334
2020-01-21 13:14:11	2.760e+00	1579612451.514297
2020-01-21 13:14:21	2.770e+00	1579612461.5725465
2020-01-21 13:14:31	2.770e+00	1579612471.6347423
2020-01-21 13:14:41	2.780e+00	1579612481.6949606
2020-01-21 13:14:51	2.780e+00	1579612491.7556534
2020-01-21 13:15:01	2.790e+00	1579612501.8147058
2020-01-21 13:15:11	2.790e+00	1579612511.8724926
2020-01-21 13:15:21	2.800e+00	1579612521.9357703
2020-01-21 13:15:31	2.800e+00	1579612531.9946663
2020-01-21 13:15:42	2.810e+00	1579612542.0544877
2020-01-21 13:15:52	2.810e+00	1579612552.1155298
2020-01-21 13:16:02	2.820e+00	1579612562.1726193
2020-01-21 13:16:12	2.820e+00	1579612572.2353933
2020-01-21 13:16:22	2.830e+00	1579612582.2957723
2020-01-21 13:16:32	2.830e+00	1579612592.3540213
2020-01-21 13:16:42	2.840e+00	1579612602.4153745
2020-01-21 13:16:52	2.840e+00	1579612612.4725003
2020-01-21 13:17:02	2.850e+00	1579612622.5343106
2020-01-21 13:17:12	2.850e+00	1579612632.5956693
2020-01-21 13:17:22	2.860e+00	1579612642.6558123
2020-01-21 13:17:32	2.870e+00	1579612652.7155137
2020-01-21 13:17:42	2.870e+00	1579612662.7727203
2020-01-21 13:17:52	2.880e+00	1579612672.8365164
2020-01-21 13:18:02	2.880e+00	1579612682.8855135
2020-01-21 13:18:12	2.890e+00	1579612692.9548795
2020-01-21 13:18:23	2.890e+00	1579612703.01576
2020-01-21 13:18:33	2.900e+00	1579612713.0726552
2020-01-21 13:18:43	2.900e+00	1579612723.1354237
2020-01-21 13:18:53	2.910e+00	1579612733.1919198
2020-01-21 13:19:03	2.910e+00	1579612743.251367
2020-01-21 13:19:13	2.920e+00	1579612753.305399
2020-01-21 13:19:23	2.920e+00	1579612763.3622017
2020-01-21 13:19:33	2.930e+00	1579612773.419519
2020-01-21 13:19:43	2.930e+00	1579612783.4779792
2020-01-21 13:19:53	2.940e+00	1579612793.5341473
2020-01-21 13:20:03	2.950e+00	1579612803.5915172
2020-01-21 13:20:13	2.950e+00	1579612813.6479282
2020-01-21 13:20:23	2.960e+00	1579612823.7041252
2020-01-21 13:20:33	2.960e+00	1579612833.7524412
2020-01-21 13:20:43	2.970e+00	1579612843.8225193
2020-01-21 13:20:53	2.970e+00	1579612853.8810773
2020-01-21 13:21:03	2.980e+00	1579612863.9383469
2020-01-21 13:21:13	2.980e+00	1579612873.994146
2020-01-21 13:21:24	2.990e+00	1579612884.0424402
2020-01-21 13:21:34	2.990e+00	1579612894.107562
2020-01-21 13:21:44	3.000e+00	1579612904.1661642
2020-01-21 13:21:54	3.000e+00	1579612914.2245605
2020-01-21 13:22:04	3.010e+00	1579612924.2814233
2020-01-21 13:22:14	3.010e+00	1579612934.3324146
2020-01-21 13:22:24	3.020e+00	1579612944.3947365
2020-01-21 13:22:34	3.020e+00	1579612954.4510946
2020-01-21 13:22:44	3.030e+00	1579612964.508007
2020-01-21 13:22:54	3.040e+00	1579612974.5692885
2020-01-21 13:23:04	3.040e+00	1579612984.6224213
2020-01-21 13:23:14	3.050e+00	1579612994.6879478
2020-01-21 13:23:24	3.050e+00	1579613004.7491186
2020-01-21 13:23:34	3.060e+00	1579613014.8091378
2020-01-21 13:23:44	3.060e+00	1579613024.8681285
2020-01-21 13:23:54	3.070e+00	1579613034.9289207
2020-01-21 13:24:04	3.070e+00	1579613044.990093
2020-01-21 13:24:15	3.080e+00	1579613055.0489297
2020-01-21 13:24:25	3.080e+00	1579613065.108894
2020-01-21 13:24:35	3.090e+00	1579613075.1697125
2020-01-21 13:24:45	3.090e+00	1579613085.2281415
2020-01-21 13:24:55	3.100e+00	1579613095.2894328
2020-01-21 13:25:05	3.100e+00	1579613105.3495696
2020-01-21 13:25:15	3.110e+00	1579613115.408298
2020-01-21 13:25:25	3.110e+00	1579613125.462444
2020-01-21 13:25:35	3.120e+00	1579613135.5224354
2020-01-21 13:25:45	3.120e+00	1579613145.5888073
2020-01-21 13:25:55	3.130e+00	1579613155.6486933
2020-01-21 13:26:05	3.140e+00	1579613165.709868
2020-01-21 13:26:15	3.140e+00	1579613175.7623944
2020-01-21 13:26:25	3.150e+00	1579613185.8224273
2020-01-21 13:26:35	3.150e+00	1579613195.8897066
2020-01-21 13:26:45	3.160e+00	1579613205.9484131
2020-01-21 13:26:56	3.160e+00	1579613216.0095863
2020-01-21 13:27:06	3.170e+00	1579613226.0696573
2020-01-21 13:27:16	3.170e+00	1579613236.1224437
2020-01-21 13:27:26	3.180e+00	1579613246.1891131
2020-01-21 13:27:36	3.180e+00	1579613256.2424483
2020-01-21 13:27:46	3.190e+00	1579613266.305458
2020-01-21 13:27:56	3.190e+00	1579613276.3595195
2020-01-21 13:28:06	3.200e+00	1579613286.412569
2020-01-21 13:28:16	3.200e+00	1579613296.4731758
2020-01-21 13:28:26	3.210e+00	1579613306.5315137
2020-01-21 13:28:36	3.210e+00	1579613316.587453
2020-01-21 13:28:46	3.220e+00	1579613326.6448195
2020-01-21 13:28:56	3.220e+00	1579613336.7011745
2020-01-21 13:29:06	3.230e+00	1579613346.75878
2020-01-21 13:29:16	3.240e+00	1579613356.8179014
2020-01-21 13:29:26	3.240e+00	1579613366.8765984
2020-01-21 13:29:36	3.250e+00	1579613376.932517
2020-01-21 13:29:46	3.250e+00	1579613386.9925663
2020-01-21 13:29:57	3.260e+00	1579613397.0560088
2020-01-21 13:30:07	3.260e+00	1579613407.116108
2020-01-21 13:30:17	3.270e+00	1579613417.1769218
2020-01-21 13:30:27	3.270e+00	1579613427.2357385
2020-01-21 13:30:37	3.280e+00	1579613437.2966015
2020-01-21 13:30:47	3.280e+00	1579613447.3575256
2020-01-21 13:30:57	3.290e+00	1579613457.4159198
2020-01-21 13:31:07	3.290e+00	1579613467.4724817
2020-01-21 13:31:17	3.300e+00	1579613477.5368962
2020-01-21 13:31:27	3.310e+00	1579613487.5927694
2020-01-21 13:31:37	3.310e+00	1579613497.6567962
2020-01-21 13:31:47	3.320e+00	1579613507.7146215
2020-01-21 13:31:57	3.320e+00	1579613517.7757554
2020-01-21 13:32:07	3.330e+00	1579613527.8368397
2020-01-21 13:32:17	3.330e+00	1579613537.8925447
2020-01-21 13:32:27	3.340e+00	1579613547.955095
2020-01-21 13:32:38	3.340e+00	1579613558.0124314
2020-01-21 13:32:48	3.350e+00	1579613568.0773923
2020-01-21 13:32:58	3.350e+00	1579613578.1360025
2020-01-21 13:33:08	3.360e+00	1579613588.1959345
2020-01-21 13:33:18	3.360e+00	1579613598.2573671
2020-01-21 13:33:28	3.370e+00	1579613608.3124418
2020-01-21 13:33:38	3.370e+00	1579613618.376824
2020-01-21 13:33:48	3.380e+00	1579613628.437115
2020-01-21 13:33:58	3.390e+00	1579613638.4959135
2020-01-21 13:34:08	3.390e+00	1579613648.5564954
2020-01-21 13:34:18	3.400e+00	1579613658.617514
2020-01-21 13:34:28	3.400e+00	1579613668.6763544
2020-01-21 13:34:38	3.410e+00	1579613678.7366695
2020-01-21 13:34:48	3.410e+00	1579613688.7977328
2020-01-21 13:34:58	3.420e+00	1579613698.8564093
2020-01-21 13:35:08	3.420e+00	1579613708.916378
2020-01-21 13:35:18	3.430e+00	1579613718.9730537
2020-01-21 13:35:29	3.430e+00	1579613729.0324237
2020-01-21 13:35:39	3.440e+00	1579613739.0970984
2020-01-21 13:35:49	3.440e+00	1579613749.1568296
2020-01-21 13:35:59	3.450e+00	1579613759.2124057
2020-01-21 13:36:09	3.450e+00	1579613769.2766626
2020-01-21 13:36:19	3.460e+00	1579613779.3376133
2020-01-21 13:36:29	3.460e+00	1579613789.396492
2020-01-21 13:36:39	3.470e+00	1579613799.4564922
2020-01-21 13:36:49	3.480e+00	1579613809.5124063
2020-01-21 13:36:59	3.480e+00	1579613819.576773
2020-01-21 13:37:09	3.490e+00	1579613829.6370995
2020-01-21 13:37:19	3.490e+00	1579613839.6933339
2020-01-21 13:37:29	3.500e+00	1579613849.753148
2020-01-21 13:37:39	3.500e+00	1579613859.807108
2020-01-21 13:37:49	3.510e+00	1579613869.8631027
2020-01-21 13:37:59	3.510e+00	1579613879.9204788
2020-01-21 13:38:09	3.520e+00	1579613889.9724278
2020-01-21 13:38:20	3.520e+00	1579613900.0364327
2020-01-21 13:38:30	3.530e+00	1579613910.0961323
2020-01-21 13:38:40	3.530e+00	1579613920.1495323
2020-01-21 13:38:50	3.540e+00	1579613930.205587
2020-01-21 13:39:00	3.540e+00	1579613940.2618742
2020-01-21 13:39:10	3.550e+00	1579613950.3194602
2020-01-21 13:39:20	3.550e+00	1579613960.3792863
2020-01-21 13:39:30	3.560e+00	1579613970.4328182
2020-01-21 13:39:40	3.560e+00	1579613980.4890645
2020-01-21 13:39:50	3.570e+00	1579613990.5514686
2020-01-21 13:40:00	3.580e+00	1579614000.6087987
2020-01-21 13:40:10	3.580e+00	1579614010.6675284
2020-01-21 13:40:20	3.590e+00	1579614020.726033
2020-01-21 13:40:30	3.590e+00	1579614030.786171
2020-01-21 13:40:40	3.600e+00	1579614040.847486
2020-01-21 13:40:50	3.600e+00	1579614050.9061787
2020-01-21 13:41:00	3.610e+00	1579614060.966419
2020-01-21 13:41:11	3.610e+00	1579614071.0276122
2020-01-21 13:41:21	3.620e+00	1579614081.0862215
2020-01-21 13:41:31	3.620e+00	1579614091.1462204
2020-01-21 13:41:41	3.630e+00	1579614101.2080588
2020-01-21 13:41:51	3.630e+00	1579614111.2624161
2020-01-21 13:42:01	3.640e+00	1579614121.3272076
2020-01-21 13:42:11	3.650e+00	1579614131.3878615
2020-01-21 13:42:21	3.650e+00	1579614141.44567
2020-01-21 13:42:31	3.660e+00	1579614151.5064938
2020-01-21 13:42:41	3.660e+00	1579614161.5624273
2020-01-21 13:42:51	3.670e+00	1579614171.6259563
2020-01-21 13:43:01	3.670e+00	1579614181.687149
2020-01-21 13:43:11	3.680e+00	1579614191.7470207
2020-01-21 13:43:21	3.680e+00	1579614201.8060691
2020-01-21 13:43:31	3.690e+00	1579614211.8668106
2020-01-21 13:43:41	3.690e+00	1579614221.9270766
2020-01-21 13:43:51	3.700e+00	1579614231.9858477
2020-01-21 13:44:02	3.700e+00	1579614242.0426056
2020-01-21 13:44:12	3.710e+00	1579614252.108049
2020-01-21 13:44:22	3.710e+00	1579614262.1667266
2020-01-21 13:44:32	3.720e+00	1579614272.2277894
2020-01-21 13:44:42	3.720e+00	1579614282.2883413
2020-01-21 13:44:52	3.730e+00	1579614292.3424144
2020-01-21 13:45:02	3.730e+00	1579614302.4068842
2020-01-21 13:45:12	3.740e+00	1579614312.46803
2020-01-21 13:45:22	3.740e+00	1579614322.526646
2020-01-21 13:45:32	3.750e+00	1579614332.5866566
2020-01-21 13:45:42	3.760e+00	1579614342.6424086
2020-01-21 13:45:52	3.760e+00	1579614352.70631
2020-01-21 13:46:02	3.770e+00	1579614362.76242
2020-01-21 13:46:12	3.770e+00	1579614372.8225942
2020-01-21 13:46:22	3.780e+00	1579614382.8872337
2020-01-21 13:46:32	3.780e+00	1579614392.9451528
2020-01-21 13:46:43	3.790e+00	1579614403.0041785
2020-01-21 13:46:53	3.790e+00	1579614413.0571122
2020-01-21 13:47:03	3.800e+00	1579614423.1134071
2020-01-21 13:47:13	3.800e+00	1579614433.1705499
2020-01-21 13:47:23	3.810e+00	1579614443.2252614
2020-01-21 13:47:33	3.810e+00	1579614453.2879796
2020-01-21 13:47:43	3.820e+00	1579614463.3476803
2020-01-21 13:47:53	3.820e+00	1579614473.4002862
2020-01-21 13:48:03	3.830e+00	1579614483.4579237
2020-01-21 13:48:13	3.830e+00	1579614493.5124574
2020-01-21 13:48:23	3.840e+00	1579614503.5727954
2020-01-21 13:48:33	3.840e+00	1579614513.6340742
2020-01-21 13:48:43	3.850e+00	1579614523.6940455
2020-01-21 13:48:53	3.860e+00	1579614533.7525742
2020-01-21 13:49:03	3.860e+00	1579614543.8124635
2020-01-21 13:49:13	3.870e+00	1579614553.874358
2020-01-21 13:49:23	3.870e+00	1579614563.9344873
2020-01-21 13:49:33	3.880e+00	1579614573.9939759
2020-01-21 13:49:44	3.880e+00	1579614584.054365
2020-01-21 13:49:54	3.890e+00	1579614594.1124144
2020-01-21 13:50:04	3.890e+00	1579614604.1740916
2020-01-21 13:50:14	3.900e+00	1579614614.2314582
2020-01-21 13:50:24	3.900e+00	1579614624.290706
2020-01-21 13:50:34	3.910e+00	1579614634.3438675
2020-01-21 13:50:44	3.910e+00	1579614644.39259
2020-01-21 13:50:54	3.920e+00	1579614654.4413016
2020-01-21 13:51:04	3.920e+00	1579614664.4997015
2020-01-21 13:51:14	3.930e+00	1579614674.55703
2020-01-21 13:51:24	3.930e+00	1579614684.617862
2020-01-21 13:51:34	3.940e+00	1579614694.6625705
2020-01-21 13:51:44	3.940e+00	1579614704.7270534
2020-01-21 13:51:54	3.950e+00	1579614714.7831955
2020-01-21 13:52:04	3.960e+00	1579614724.8444006
2020-01-21 13:52:14	3.960e+00	1579614734.9052162
2020-01-21 13:52:24	3.970e+00	1579614744.9620078
2020-01-21 13:52:35	3.970e+00	1579614755.019693
2020-01-21 13:52:45	3.980e+00	1579614765.0769408
2020-01-21 13:52:55	3.980e+00	1579614775.1332998
2020-01-21 13:53:05	3.990e+00	1579614785.1905496
2020-01-21 13:53:15	3.990e+00	1579614795.2423956
2020-01-21 13:53:25	4.000e+00	1579614805.3077395
2020-01-21 13:53:35	4.000e+00	1579614815.3677785
2020-01-21 13:53:45	4.010e+00	1579614825.4294
2020-01-21 13:53:55	4.010e+00	1579614835.4880877
2020-01-21 13:54:05	4.020e+00	1579614845.5479548
2020-01-21 13:54:15	4.020e+00	1579614855.6045496
2020-01-21 13:54:25	4.030e+00	1579614865.664604
2020-01-21 13:54:35	4.030e+00	1579614875.7182238
2020-01-21 13:54:45	4.040e+00	1579614885.7753122
2020-01-21 13:54:55	4.050e+00	1579614895.8317723
2020-01-21 13:55:05	4.050e+00	1579614905.893139
2020-01-21 13:55:15	4.060e+00	1579614915.948277
2020-01-21 13:55:26	4.060e+00	1579614926.002457
2020-01-21 13:55:36	4.070e+00	1579614936.061052
2020-01-21 13:55:46	4.070e+00	1579614946.1126623
2020-01-21 13:55:56	4.080e+00	1579614956.1758413
2020-01-21 13:56:06	4.080e+00	1579614966.2367332
2020-01-21 13:56:16	4.090e+00	1579614976.2927113
2020-01-21 13:56:26	4.090e+00	1579614986.3545282
2020-01-21 13:56:36	4.100e+00	1579614996.412695
2020-01-21 13:56:46	4.100e+00	1579615006.4724777
2020-01-21 13:56:56	4.110e+00	1579615016.5348516
2020-01-21 13:57:06	4.110e+00	1579615026.5951965
2020-01-21 13:57:16	4.120e+00	1579615036.653905
2020-01-21 13:57:26	4.120e+00	1579615046.7148669
2020-01-21 13:57:36	4.130e+00	1579615056.7764423
2020-01-21 13:57:46	4.130e+00	1579615066.833633
2020-01-21 13:57:56	4.140e+00	1579615076.89436
2020-01-21 13:58:06	4.140e+00	1579615086.9518554
2020-01-21 13:58:17	4.150e+00	1579615097.0026407
2020-01-21 13:58:27	4.150e+00	1579615107.064528
2020-01-21 13:58:37	4.160e+00	1579615117.1189983
2020-01-21 13:58:47	4.170e+00	1579615127.1787186
2020-01-21 13:58:57	4.170e+00	1579615137.2387261
2020-01-21 13:59:07	4.180e+00	1579615147.297488
2020-01-21 13:59:17	4.180e+00	1579615157.3588722
2020-01-21 13:59:27	4.190e+00	1579615167.418816
2020-01-21 13:59:37	4.190e+00	1579615177.4775064
2020-01-21 13:59:47	4.200e+00	1579615187.5395765
2020-01-21 13:59:57	4.200e+00	1579615197.6005101
2020-01-21 14:00:07	4.210e+00	1579615207.658129
2020-01-21 14:00:17	4.210e+00	1579615217.7174006
2020-01-21 14:00:27	4.220e+00	1579615227.7783983
2020-01-21 14:00:37	4.220e+00	1579615237.837188
2020-01-21 14:00:47	4.230e+00	1579615247.8925064
2020-01-21 14:00:57	4.230e+00	1579615257.9582298
2020-01-21 14:01:08	4.240e+00	1579615268.0165122
2020-01-21 14:01:18	4.240e+00	1579615278.0777023
2020-01-21 14:01:28	4.250e+00	1579615288.1388154
2020-01-21 14:01:38	4.250e+00	1579615298.19734
2020-01-21 14:01:48	4.260e+00	1579615308.2581763
2020-01-21 14:01:58	4.260e+00	1579615318.3183966
2020-01-21 14:02:08	4.270e+00	1579615328.3769877
2020-01-21 14:02:18	4.270e+00	1579615338.438153
2020-01-21 14:02:28	4.280e+00	1579615348.4925637
2020-01-21 14:02:38	4.280e+00	1579615358.5540187
2020-01-21 14:02:48	4.290e+00	1579615368.6077852
2020-01-21 14:02:58	4.300e+00	1579615378.664781
2020-01-21 14:03:08	4.300e+00	1579615388.7214458
2020-01-21 14:03:18	4.310e+00	1579615398.781298
2020-01-21 14:03:28	4.310e+00	1579615408.8388586
2020-01-21 14:03:38	4.320e+00	1579615418.892436
2020-01-21 14:03:48	4.320e+00	1579615428.951332
2020-01-21 14:03:59	4.330e+00	1579615439.0086915
2020-01-21 14:04:09	4.330e+00	1579615449.064848
2020-01-21 14:04:19	4.340e+00	1579615459.1243758
2020-01-21 14:04:29	4.340e+00	1579615469.1803834
2020-01-21 14:04:39	4.350e+00	1579615479.2410378
2020-01-21 14:04:49	4.350e+00	1579615489.2924535
2020-01-21 14:04:59	4.360e+00	1579615499.3502767
2020-01-21 14:05:09	4.360e+00	1579615509.407591
2020-01-21 14:05:19	4.370e+00	1579615519.462418
2020-01-21 14:05:29	4.370e+00	1579615529.5259936
2020-01-21 14:05:39	4.380e+00	1579615539.584927
2020-01-21 14:05:49	4.390e+00	1579615549.6407917
2020-01-21 14:05:59	4.390e+00	1579615559.6972039
2020-01-21 14:06:09	4.400e+00	1579615569.7539706
2020-01-21 14:06:19	4.400e+00	1579615579.8099926
2020-01-21 14:06:29	4.410e+00	1579615589.871266
2020-01-21 14:06:39	4.410e+00	1579615599.9321551
2020-01-21 14:06:49	4.420e+00	1579615609.992067
2020-01-21 14:07:00	4.420e+00	1579615620.0424056
2020-01-21 14:07:10	4.430e+00	1579615630.1112018
2020-01-21 14:07:20	4.430e+00	1579615640.1728828
